Task1,100,1,0,100Microsoft Windows NT 10.0.19044.0,AMD64,AMD64 Family 21 Model 112 Stepping 0, AuthenticAMD,2
Task1,100,0,0,100Microsoft Windows NT 10.0.19044.0,AMD64,AMD64 Family 21 Model 112 Stepping 0, AuthenticAMD,2
Task1,56896,1,0,56896Microsoft Windows NT 10.0.19044.0,AMD64,AMD64 Family 21 Model 112 Stepping 0, AuthenticAMD,2
Task1,56896,0,0,56896Microsoft Windows NT 10.0.19044.0,AMD64,AMD64 Family 21 Model 112 Stepping 0, AuthenticAMD,2
Task4,1000,1,3,0Microsoft Windows NT 10.0.19044.0,AMD64,AMD64 Family 21 Model 112 Stepping 0, AuthenticAMD,2
Task8,1000,1,36,0Microsoft Windows NT 10.0.19044.0,AMD64,AMD64 Family 21 Model 112 Stepping 0, AuthenticAMD,2
Task4,101,1,2,0Microsoft Windows NT 10.0.19044.0,AMD64,AMD64 Family 21 Model 112 Stepping 0, AuthenticAMD,2
Task4,1000,1,1,0Microsoft Windows NT 10.0.19044.0,AMD64,AMD64 Family 21 Model 112 Stepping 0, AuthenticAMD,2
Task4,10000,1,3,0Microsoft Windows NT 10.0.19044.0,AMD64,AMD64 Family 21 Model 112 Stepping 0, AuthenticAMD,2
Task4,10000,1,3,0Microsoft Windows NT 10.0.19044.0,AMD64,AMD64 Family 21 Model 112 Stepping 0, AuthenticAMD,2
Task4,10000,1,2,0Microsoft Windows NT 10.0.19044.0,AMD64,AMD64 Family 21 Model 112 Stepping 0, AuthenticAMD,2
Task8,10000,1,3,0Microsoft Windows NT 10.0.19044.0,AMD64,AMD64 Family 21 Model 112 Stepping 0, AuthenticAMD,2
Task4,10000,1,3,0Microsoft Windows NT 10.0.19044.0,AMD64,AMD64 Family 21 Model 112 Stepping 0, AuthenticAMD,2
Task1,10000000,1,63,10000000Microsoft Windows NT 10.0.19044.0,AMD64,AMD64 Family 21 Model 112 Stepping 0, AuthenticAMD,2
Task1,10000000,0,63,10000000Microsoft Windows NT 10.0.19044.0,AMD64,AMD64 Family 21 Model 112 Stepping 0, AuthenticAMD,2
Task4,10000,1,3,0Microsoft Windows NT 10.0.19044.0,AMD64,AMD64 Family 21 Model 112 Stepping 0, AuthenticAMD,2
Task4,100000,1,3,0Microsoft Windows NT 10.0.19044.0,AMD64,AMD64 Family 21 Model 112 Stepping 0, AuthenticAMD,2
Task4,100000,1,5,0Microsoft Windows NT 10.0.19044.0,AMD64,AMD64 Family 21 Model 112 Stepping 0, AuthenticAMD,2
Task4,100000,1,11,0Microsoft Windows NT 10.0.19044.0,AMD64,AMD64 Family 21 Model 112 Stepping 0, AuthenticAMD,2
Task4,100000,1,13,0Microsoft Windows NT 10.0.19044.0,AMD64,AMD64 Family 21 Model 112 Stepping 0, AuthenticAMD,2
Task4,100000,1,5,0Microsoft Windows NT 10.0.19044.0,AMD64,AMD64 Family 21 Model 112 Stepping 0, AuthenticAMD,2
Task4,100000,0,0,1Microsoft Windows NT 10.0.19044.0,AMD64,AMD64 Family 21 Model 112 Stepping 0, AuthenticAMD,2
Task4,10000000,1,220,0Microsoft Windows NT 10.0.19044.0,AMD64,AMD64 Family 21 Model 112 Stepping 0, AuthenticAMD,2
Task4,10000000,0,0,1Microsoft Windows NT 10.0.19044.0,AMD64,AMD64 Family 21 Model 112 Stepping 0, AuthenticAMD,2
Task4,10000000,1,186,0Microsoft Windows NT 10.0.19044.0,AMD64,AMD64 Family 21 Model 112 Stepping 0, AuthenticAMD,2
Task4,10000000,0,186,1Microsoft Windows NT 10.0.19044.0,AMD64,AMD64 Family 21 Model 112 Stepping 0, AuthenticAMD,2
Task4,10000000,1,191,0Microsoft Windows NT 10.0.19044.0,AMD64,AMD64 Family 21 Model 112 Stepping 0, AuthenticAMD,2
Task4,10000000,0,0,1Microsoft Windows NT 10.0.19044.0,AMD64,AMD64 Family 21 Model 112 Stepping 0, AuthenticAMD,2
Task4,10000000,1,201,0Microsoft Windows NT 10.0.19044.0,AMD64,AMD64 Family 21 Model 112 Stepping 0, AuthenticAMD,2
Task4,10000000,0,0,1Microsoft Windows NT 10.0.19044.0,AMD64,AMD64 Family 21 Model 112 Stepping 0, AuthenticAMD,2
Task4,10000000,1,153,0Microsoft Windows NT 10.0.19044.0,AMD64,AMD64 Family 21 Model 112 Stepping 0, AuthenticAMD,2
Task4,10000000,0,0,1Microsoft Windows NT 10.0.19044.0,AMD64,AMD64 Family 21 Model 112 Stepping 0, AuthenticAMD,2
Task4,10000,1,3,0Microsoft Windows NT 10.0.19044.0,AMD64,AMD64 Family 21 Model 112 Stepping 0, AuthenticAMD,2
Task4,10000,0,14,1Microsoft Windows NT 10.0.19044.0,AMD64,AMD64 Family 21 Model 112 Stepping 0, AuthenticAMD,2
Task4,10000000,1,160,0Microsoft Windows NT 10.0.19044.0,AMD64,AMD64 Family 21 Model 112 Stepping 0, AuthenticAMD,2
Task4,10000000,1,211,0Microsoft Windows NT 10.0.19044.0,AMD64,AMD64 Family 21 Model 112 Stepping 0, AuthenticAMD,2
Task4,10000000,1,230,0Microsoft Windows NT 10.0.19044.0,AMD64,AMD64 Family 21 Model 112 Stepping 0, AuthenticAMD,2
Task4,1000000,1,166,0Microsoft Windows NT 10.0.19044.0,AMD64,AMD64 Family 21 Model 112 Stepping 0, AuthenticAMD,2
Task4,1000000,4,1582,0Microsoft Windows NT 10.0.19044.0,AMD64,AMD64 Family 21 Model 112 Stepping 0, AuthenticAMD,2
Task4,1000000,1,21,0Microsoft Windows NT 10.0.19044.0,AMD64,AMD64 Family 21 Model 112 Stepping 0, AuthenticAMD,2
Task4,1000000,4,84,0Microsoft Windows NT 10.0.19044.0,AMD64,AMD64 Family 21 Model 112 Stepping 0, AuthenticAMD,2
Task1,1000,1,0,1000Microsoft Windows NT 10.0.19044.0,AMD64,AMD64 Family 21 Model 112 Stepping 0, AuthenticAMD,2
Task1,1000,4,109,1000Microsoft Windows NT 10.0.19044.0,AMD64,AMD64 Family 21 Model 112 Stepping 0, AuthenticAMD,2
Task1,10000000,1,96,10000000Microsoft Windows NT 10.0.19044.0,AMD64,AMD64 Family 21 Model 112 Stepping 0, AuthenticAMD,2
Task1,10000000,4,150,10264351Microsoft Windows NT 10.0.19044.0,AMD64,AMD64 Family 21 Model 112 Stepping 0, AuthenticAMD,2
Task3,1000,1,2,0Microsoft Windows NT 10.0.19044.0,AMD64,AMD64 Family 21 Model 112 Stepping 0, AuthenticAMD,2
Task3,1000,1,2,0Microsoft Windows NT 10.0.19044.0,AMD64,AMD64 Family 21 Model 112 Stepping 0, AuthenticAMD,2
Task3,1000,4,63,0Microsoft Windows NT 10.0.19044.0,AMD64,AMD64 Family 21 Model 112 Stepping 0, AuthenticAMD,2
Task3,10000000,1,192,0Microsoft Windows NT 10.0.19044.0,AMD64,AMD64 Family 21 Model 112 Stepping 0, AuthenticAMD,2
Task3,10000000,1,239,0Microsoft Windows NT 10.0.19044.0,AMD64,AMD64 Family 21 Model 112 Stepping 0, AuthenticAMD,2
Task3,10000000,4,141,0Microsoft Windows NT 10.0.19044.0,AMD64,AMD64 Family 21 Model 112 Stepping 0, AuthenticAMD,2
Task1,1000000,1,11,1000000Microsoft Windows NT 10.0.19044.0,AMD64,AMD64 Family 21 Model 112 Stepping 0, AuthenticAMD,2
Task1,1000000,4,55,1000000Microsoft Windows NT 10.0.19044.0,AMD64,AMD64 Family 21 Model 112 Stepping 0, AuthenticAMD,2
Task1,1000000,1,10,1000000Microsoft Windows NT 10.0.19044.0,AMD64,AMD64 Family 21 Model 112 Stepping 0, AuthenticAMD,2
Task1,1000000,4,97,1000000Microsoft Windows NT 10.0.19044.0,AMD64,AMD64 Family 21 Model 112 Stepping 0, AuthenticAMD,2
Task1,1000000,1,14,1000000Microsoft Windows NT 10.0.19044.0,AMD64,AMD64 Family 21 Model 112 Stepping 0, AuthenticAMD,2
Task1,1000000,4,142,1000000Microsoft Windows NT 10.0.19044.0,AMD64,AMD64 Family 21 Model 112 Stepping 0, AuthenticAMD,2
Task1,1000000,1,15,1000000Microsoft Windows NT 10.0.19044.0,AMD64,AMD64 Family 21 Model 112 Stepping 0, AuthenticAMD,2
Task1,1000000,4,137,1174734Microsoft Windows NT 10.0.19044.0,AMD64,AMD64 Family 21 Model 112 Stepping 0, AuthenticAMD,2
Task3,1000000,1,22,0Microsoft Windows NT 10.0.19044.0,AMD64,AMD64 Family 21 Model 112 Stepping 0, AuthenticAMD,2
Task3,1000000,1,29,0Microsoft Windows NT 10.0.19044.0,AMD64,AMD64 Family 21 Model 112 Stepping 0, AuthenticAMD,2
Task3,1000000,4,66,0Microsoft Windows NT 10.0.19044.0,AMD64,AMD64 Family 21 Model 112 Stepping 0, AuthenticAMD,2
Task4,1000000,1,21,0Microsoft Windows NT 10.0.19044.0,AMD64,AMD64 Family 21 Model 112 Stepping 0, AuthenticAMD,2
Task4,1000000,4,69,0Microsoft Windows NT 10.0.19044.0,AMD64,AMD64 Family 21 Model 112 Stepping 0, AuthenticAMD,2
Task4,101,1,0,0Microsoft Windows NT 10.0.19044.0,AMD64,AMD64 Family 21 Model 112 Stepping 0, AuthenticAMD,2
Task4,101,4,77,0Microsoft Windows NT 10.0.19044.0,AMD64,AMD64 Family 21 Model 112 Stepping 0, AuthenticAMD,2
Task4,10000000,1,181,0Microsoft Windows NT 10.0.19044.0,AMD64,AMD64 Family 21 Model 112 Stepping 0, AuthenticAMD,2
Task4,10000000,4,65,0Microsoft Windows NT 10.0.19044.0,AMD64,AMD64 Family 21 Model 112 Stepping 0, AuthenticAMD,2
Task3,1000000,1,16,0Microsoft Windows NT 10.0.19044.0,AMD64,AMD64 Family 21 Model 112 Stepping 0, AuthenticAMD,2
Task3,1000000,1,21,0Microsoft Windows NT 10.0.19044.0,AMD64,AMD64 Family 21 Model 112 Stepping 0, AuthenticAMD,2
Task3,1000000,4,50,0Microsoft Windows NT 10.0.19044.0,AMD64,AMD64 Family 21 Model 112 Stepping 0, AuthenticAMD,2
Task3,1000,1,4,0Microsoft Windows NT 10.0.19044.0,AMD64,AMD64 Family 21 Model 112 Stepping 0, AuthenticAMD,2
Task3,1000,1,4,0Microsoft Windows NT 10.0.19044.0,AMD64,AMD64 Family 21 Model 112 Stepping 0, AuthenticAMD,2
Task3,1000,4,76,0Microsoft Windows NT 10.0.19044.0,AMD64,AMD64 Family 21 Model 112 Stepping 0, AuthenticAMD,2
Task1,1000000,1,11,1000000Microsoft Windows NT 10.0.19044.0,AMD64,AMD64 Family 21 Model 112 Stepping 0, AuthenticAMD,2
Task1,1000000,4,63,1351890Microsoft Windows NT 10.0.19044.0,AMD64,AMD64 Family 21 Model 112 Stepping 0, AuthenticAMD,2
Task3,1000000,1,16,0Microsoft Windows NT 10.0.19044.0,AMD64,AMD64 Family 21 Model 112 Stepping 0, AuthenticAMD,2
Task3,1000000,1,21,0Microsoft Windows NT 10.0.19044.0,AMD64,AMD64 Family 21 Model 112 Stepping 0, AuthenticAMD,2
Task3,1000000,4,50,0Microsoft Windows NT 10.0.19044.0,AMD64,AMD64 Family 21 Model 112 Stepping 0, AuthenticAMD,2
Task3,10000000,1,166,0Microsoft Windows NT 10.0.19044.0,AMD64,AMD64 Family 21 Model 112 Stepping 0, AuthenticAMD,2
Task3,10000000,1,216,0Microsoft Windows NT 10.0.19044.0,AMD64,AMD64 Family 21 Model 112 Stepping 0, AuthenticAMD,2
Task3,10000000,4,96,0Microsoft Windows NT 10.0.19044.0,AMD64,AMD64 Family 21 Model 112 Stepping 0, AuthenticAMD,2
Task4,10000000,1,157,0Microsoft Windows NT 10.0.19044.0,AMD64,AMD64 Family 21 Model 112 Stepping 0, AuthenticAMD,2
Task4,10000000,4,65,0Microsoft Windows NT 10.0.19044.0,AMD64,AMD64 Family 21 Model 112 Stepping 0, AuthenticAMD,2
Task1,10000000,1,76,10000000Microsoft Windows NT 10.0.19044.0,AMD64,AMD64 Family 21 Model 112 Stepping 0, AuthenticAMD,2
Task1,10000000,4,161,11509224Microsoft Windows NT 10.0.19044.0,AMD64,AMD64 Family 21 Model 112 Stepping 0, AuthenticAMD,2
Task3,10000000,1,154,0Microsoft Windows NT 10.0.19044.0,AMD64,AMD64 Family 21 Model 112 Stepping 0, AuthenticAMD,2
Task3,10000000,1,202,0Microsoft Windows NT 10.0.19044.0,AMD64,AMD64 Family 21 Model 112 Stepping 0, AuthenticAMD,2
Task3,10000000,4,116,0Microsoft Windows NT 10.0.19044.0,AMD64,AMD64 Family 21 Model 112 Stepping 0, AuthenticAMD,2
Task4,10000000,1,142,0Microsoft Windows NT 10.0.19044.0,AMD64,AMD64 Family 21 Model 112 Stepping 0, AuthenticAMD,2
Task4,10000000,4,89,0Microsoft Windows NT 10.0.19044.0,AMD64,AMD64 Family 21 Model 112 Stepping 0, AuthenticAMD,2
Task3,101,1,2,0Microsoft Windows NT 10.0.19044.0,AMD64,AMD64 Family 21 Model 112 Stepping 0, AuthenticAMD,2
Task3,101,1,2,0Microsoft Windows NT 10.0.19044.0,AMD64,AMD64 Family 21 Model 112 Stepping 0, AuthenticAMD,2
Task3,101,4,39,0Microsoft Windows NT 10.0.19044.0,AMD64,AMD64 Family 21 Model 112 Stepping 0, AuthenticAMD,2
Task3,1000,1,2,0Microsoft Windows NT 10.0.19044.0,AMD64,AMD64 Family 21 Model 112 Stepping 0, AuthenticAMD,2
Task3,1000,1,2,0Microsoft Windows NT 10.0.19044.0,AMD64,AMD64 Family 21 Model 112 Stepping 0, AuthenticAMD,2
Task3,1000,4,40,0Microsoft Windows NT 10.0.19044.0,AMD64,AMD64 Family 21 Model 112 Stepping 0, AuthenticAMD,2
Task3,1000000,1,17,0Microsoft Windows NT 10.0.19044.0,AMD64,AMD64 Family 21 Model 112 Stepping 0, AuthenticAMD,2
Task3,1000000,1,21,0Microsoft Windows NT 10.0.19044.0,AMD64,AMD64 Family 21 Model 112 Stepping 0, AuthenticAMD,2
Task3,1000000,4,80,0Microsoft Windows NT 10.0.19044.0,AMD64,AMD64 Family 21 Model 112 Stepping 0, AuthenticAMD,2
Task3,10000000,1,149,0Microsoft Windows NT 10.0.19044.0,AMD64,AMD64 Family 21 Model 112 Stepping 0, AuthenticAMD,2
Task3,10000000,1,216,0Microsoft Windows NT 10.0.19044.0,AMD64,AMD64 Family 21 Model 112 Stepping 0, AuthenticAMD,2
Task3,10000000,4,85,0Microsoft Windows NT 10.0.19044.0,AMD64,AMD64 Family 21 Model 112 Stepping 0, AuthenticAMD,2
Task1,10000000,1,73,10000000Microsoft Windows NT 10.0.19044.0,AMD64,AMD64 Family 21 Model 112 Stepping 0, AuthenticAMD,2
Task1,10000000,4,177,13609588Microsoft Windows NT 10.0.19044.0,AMD64,AMD64 Family 21 Model 112 Stepping 0, AuthenticAMD,2
Task3,10000000,1,187,0Microsoft Windows NT 10.0.19044.0,AMD64,AMD64 Family 21 Model 112 Stepping 0, AuthenticAMD,2
Task3,10000000,1,238,0Microsoft Windows NT 10.0.19044.0,AMD64,AMD64 Family 21 Model 112 Stepping 0, AuthenticAMD,2
Task3,10000000,4,74,0Microsoft Windows NT 10.0.19044.0,AMD64,AMD64 Family 21 Model 112 Stepping 0, AuthenticAMD,2
Task4,10000000,1,181,0Microsoft Windows NT 10.0.19044.0,AMD64,AMD64 Family 21 Model 112 Stepping 0, AuthenticAMD,2
Task4,10000000,4,82,0Microsoft Windows NT 10.0.19044.0,AMD64,AMD64 Family 21 Model 112 Stepping 0, AuthenticAMD,2
Task1,10000000,1,74,10000000Microsoft Windows NT 10.0.19044.0,AMD64,AMD64 Family 21 Model 112 Stepping 0, AuthenticAMD,2
Task1,10000000,4,0,0Microsoft Windows NT 10.0.19044.0,AMD64,AMD64 Family 21 Model 112 Stepping 0, AuthenticAMD,2
Task3,10000000,1,191,0Microsoft Windows NT 10.0.19044.0,AMD64,AMD64 Family 21 Model 112 Stepping 0, AuthenticAMD,2
Task3,10000000,1,241,0Microsoft Windows NT 10.0.19044.0,AMD64,AMD64 Family 21 Model 112 Stepping 0, AuthenticAMD,2
Task3,10000000,4,0,0Microsoft Windows NT 10.0.19044.0,AMD64,AMD64 Family 21 Model 112 Stepping 0, AuthenticAMD,2
Task1,10000000,1,83,10000000Microsoft Windows NT 10.0.19044.0,AMD64,AMD64 Family 21 Model 112 Stepping 0, AuthenticAMD,2
Task1,10000000,4,0,0Microsoft Windows NT 10.0.19044.0,AMD64,AMD64 Family 21 Model 112 Stepping 0, AuthenticAMD,2
Task3,1000000,1,17,0Microsoft Windows NT 10.0.19044.0,AMD64,AMD64 Family 21 Model 112 Stepping 0, AuthenticAMD,2
Task3,1000000,1,21,0Microsoft Windows NT 10.0.19044.0,AMD64,AMD64 Family 21 Model 112 Stepping 0, AuthenticAMD,2
Task3,1000000,4,0,0Microsoft Windows NT 10.0.19044.0,AMD64,AMD64 Family 21 Model 112 Stepping 0, AuthenticAMD,2
Task1,1000000,1,10,1000000Microsoft Windows NT 10.0.19044.0,AMD64,AMD64 Family 21 Model 112 Stepping 0, AuthenticAMD,2
Task1,1000000,4,0,0Microsoft Windows NT 10.0.19044.0,AMD64,AMD64 Family 21 Model 112 Stepping 0, AuthenticAMD,2
Task1,10000000,1,65,10000000Microsoft Windows NT 10.0.19044.0,AMD64,AMD64 Family 21 Model 112 Stepping 0, AuthenticAMD,2
Task1,10000000,4,0,0Microsoft Windows NT 10.0.19044.0,AMD64,AMD64 Family 21 Model 112 Stepping 0, AuthenticAMD,2
Task1,1000,1,0,1000Microsoft Windows NT 10.0.19044.0,AMD64,AMD64 Family 21 Model 112 Stepping 0, AuthenticAMD,2
Task1,1000,4,0,0Microsoft Windows NT 10.0.19044.0,AMD64,AMD64 Family 21 Model 112 Stepping 0, AuthenticAMD,2
Task1,1000000,1,5,1000000Microsoft Windows NT 10.0.19044.0,AMD64,AMD64 Family 21 Model 112 Stepping 0, AuthenticAMD,2
Task1,1000000,4,0,0Microsoft Windows NT 10.0.19044.0,AMD64,AMD64 Family 21 Model 112 Stepping 0, AuthenticAMD,2
Task1,1000000,1,13,1000000Microsoft Windows NT 10.0.19044.0,AMD64,AMD64 Family 21 Model 112 Stepping 0, AuthenticAMD,2
Task1,1000000,4,0,0Microsoft Windows NT 10.0.19044.0,AMD64,AMD64 Family 21 Model 112 Stepping 0, AuthenticAMD,2
Task1,1000000,1,12,1000000Microsoft Windows NT 10.0.19044.0,AMD64,AMD64 Family 21 Model 112 Stepping 0, AuthenticAMD,2
Task1,1000000,4,0,0Microsoft Windows NT 10.0.19044.0,AMD64,AMD64 Family 21 Model 112 Stepping 0, AuthenticAMD,2
Task3,1000000,1,18,0Microsoft Windows NT 10.0.19044.0,AMD64,AMD64 Family 21 Model 112 Stepping 0, AuthenticAMD,2
Task3,1000000,1,22,0Microsoft Windows NT 10.0.19044.0,AMD64,AMD64 Family 21 Model 112 Stepping 0, AuthenticAMD,2
Task3,1000000,4,0,0Microsoft Windows NT 10.0.19044.0,AMD64,AMD64 Family 21 Model 112 Stepping 0, AuthenticAMD,2
Task1,1000000,1,14,1000000Microsoft Windows NT 10.0.19044.0,AMD64,AMD64 Family 21 Model 112 Stepping 0, AuthenticAMD,2
Task1,1000000,4,0,0Microsoft Windows NT 10.0.19044.0,AMD64,AMD64 Family 21 Model 112 Stepping 0, AuthenticAMD,2
Task1,1000000,1,13,1000000Microsoft Windows NT 10.0.19044.0,AMD64,AMD64 Family 21 Model 112 Stepping 0, AuthenticAMD,2
Task1,1000000,4,0,0Microsoft Windows NT 10.0.19044.0,AMD64,AMD64 Family 21 Model 112 Stepping 0, AuthenticAMD,2
Task1,1000,1,0,1000Microsoft Windows NT 10.0.19044.0,AMD64,AMD64 Family 21 Model 112 Stepping 0, AuthenticAMD,2
Task1,1000,4,79,1000Microsoft Windows NT 10.0.19044.0,AMD64,AMD64 Family 21 Model 112 Stepping 0, AuthenticAMD,2
Task1,1000000,1,14,1000000Microsoft Windows NT 10.0.19044.0,AMD64,AMD64 Family 21 Model 112 Stepping 0, AuthenticAMD,2
Task1,1000000,4,58,1243834Microsoft Windows NT 10.0.19044.0,AMD64,AMD64 Family 21 Model 112 Stepping 0, AuthenticAMD,2
Task1,1000000,1,10,1000000Microsoft Windows NT 10.0.19044.0,AMD64,AMD64 Family 21 Model 112 Stepping 0, AuthenticAMD,2
Task1,1000000,4,0,0Microsoft Windows NT 10.0.19044.0,AMD64,AMD64 Family 21 Model 112 Stepping 0, AuthenticAMD,2
Task1,10000000,1,130,10000000Microsoft Windows NT 10.0.19044.0,AMD64,AMD64 Family 21 Model 112 Stepping 0, AuthenticAMD,2
Task1,10000000,4,0,0Microsoft Windows NT 10.0.19044.0,AMD64,AMD64 Family 21 Model 112 Stepping 0, AuthenticAMD,2
Task1,1000,1,0,1000Microsoft Windows NT 10.0.19044.0,AMD64,AMD64 Family 21 Model 112 Stepping 0, AuthenticAMD,2
Task1,1000,4,0,0Microsoft Windows NT 10.0.19044.0,AMD64,AMD64 Family 21 Model 112 Stepping 0, AuthenticAMD,2
Task1,100000,1,0,100000Microsoft Windows NT 10.0.19044.0,AMD64,AMD64 Family 21 Model 112 Stepping 0, AuthenticAMD,2
Task1,100000,4,0,0Microsoft Windows NT 10.0.19044.0,AMD64,AMD64 Family 21 Model 112 Stepping 0, AuthenticAMD,2
Task1,1000000,1,6,1000000Microsoft Windows NT 10.0.19044.0,AMD64,AMD64 Family 21 Model 112 Stepping 0, AuthenticAMD,2
Task1,1000000,4,0,0Microsoft Windows NT 10.0.19044.0,AMD64,AMD64 Family 21 Model 112 Stepping 0, AuthenticAMD,2
Task1,1000000,1,12,1000000Microsoft Windows NT 10.0.19044.0,AMD64,AMD64 Family 21 Model 112 Stepping 0, AuthenticAMD,2
Task1,1000000,4,0,0Microsoft Windows NT 10.0.19044.0,AMD64,AMD64 Family 21 Model 112 Stepping 0, AuthenticAMD,2
Task1,1000000,1,13,1000000Microsoft Windows NT 10.0.19044.0,AMD64,AMD64 Family 21 Model 112 Stepping 0, AuthenticAMD,2
Task1,1000000,4,57,2179537Microsoft Windows NT 10.0.19044.0,AMD64,AMD64 Family 21 Model 112 Stepping 0, AuthenticAMD,2
Task3,1000000,1,13,0Microsoft Windows NT 10.0.19044.0,AMD64,AMD64 Family 21 Model 112 Stepping 0, AuthenticAMD,2
Task3,1000000,1,20,0Microsoft Windows NT 10.0.19044.0,AMD64,AMD64 Family 21 Model 112 Stepping 0, AuthenticAMD,2
Task3,1000000,4,69,0Microsoft Windows NT 10.0.19044.0,AMD64,AMD64 Family 21 Model 112 Stepping 0, AuthenticAMD,2
Task4,1000000,1,15,0Microsoft Windows NT 10.0.19044.0,AMD64,AMD64 Family 21 Model 112 Stepping 0, AuthenticAMD,2
Task4,1000000,4,56,0Microsoft Windows NT 10.0.19044.0,AMD64,AMD64 Family 21 Model 112 Stepping 0, AuthenticAMD,2
Task1,10000000,1,67,10000000Microsoft Windows NT 10.0.19044.0,AMD64,AMD64 Family 21 Model 112 Stepping 0, AuthenticAMD,2
Task1,10000000,4,197,12682772Microsoft Windows NT 10.0.19044.0,AMD64,AMD64 Family 21 Model 112 Stepping 0, AuthenticAMD,2
Task3,10000000,1,157,0Microsoft Windows NT 10.0.19044.0,AMD64,AMD64 Family 21 Model 112 Stepping 0, AuthenticAMD,2
Task3,10000000,1,209,0Microsoft Windows NT 10.0.19044.0,AMD64,AMD64 Family 21 Model 112 Stepping 0, AuthenticAMD,2
Task3,10000000,4,70,0Microsoft Windows NT 10.0.19044.0,AMD64,AMD64 Family 21 Model 112 Stepping 0, AuthenticAMD,2
Task4,10000000,1,236,0Microsoft Windows NT 10.0.19044.0,AMD64,AMD64 Family 21 Model 112 Stepping 0, AuthenticAMD,2
Task4,10000000,4,129,0Microsoft Windows NT 10.0.19044.0,AMD64,AMD64 Family 21 Model 112 Stepping 0, AuthenticAMD,2
Task2,1000000,1,17,0Microsoft Windows NT 10.0.19044.0,AMD64,AMD64 Family 21 Model 112 Stepping 0, AuthenticAMD,2
Task2,1000000,4,47,0Microsoft Windows NT 10.0.19044.0,AMD64,AMD64 Family 21 Model 112 Stepping 0, AuthenticAMD,2
Task5,1000000,1,117,2147483079Microsoft Windows NT 10.0.19044.0,AMD64,AMD64 Family 21 Model 112 Stepping 0, AuthenticAMD,2
Task5,1000000,4,52,0Microsoft Windows NT 10.0.19044.0,AMD64,AMD64 Family 21 Model 112 Stepping 0, AuthenticAMD,2
Task6,1000000,1,114,3621Microsoft Windows NT 10.0.19044.0,AMD64,AMD64 Family 21 Model 112 Stepping 0, AuthenticAMD,2
Task6,1000000,4,98,0Microsoft Windows NT 10.0.19044.0,AMD64,AMD64 Family 21 Model 112 Stepping 0, AuthenticAMD,2
Task1,1000000,1,5,1000000Microsoft Windows NT 10.0.19044.0,AMD64,AMD64 Family 21 Model 112 Stepping 0, AuthenticAMD,2
Task1,1000000,2,38,1000000Microsoft Windows NT 10.0.19044.0,AMD64,AMD64 Family 21 Model 112 Stepping 0, AuthenticAMD,2
Task1,1000000,1,38,1000000Microsoft Windows NT 10.0.19044.0,AMD64,AMD64 Family 21 Model 112 Stepping 0, AuthenticAMD,2
Task1,1000000,2,48,1000000Microsoft Windows NT 10.0.19044.0,AMD64,AMD64 Family 21 Model 112 Stepping 0, AuthenticAMD,2
Task3,10000000,1,286,0Microsoft Windows NT 10.0.19044.0,AMD64,AMD64 Family 21 Model 112 Stepping 0, AuthenticAMD,2
Task3,10000000,1,333,0Microsoft Windows NT 10.0.19044.0,AMD64,AMD64 Family 21 Model 112 Stepping 0, AuthenticAMD,2
Task3,10000000,2,64,0Microsoft Windows NT 10.0.19044.0,AMD64,AMD64 Family 21 Model 112 Stepping 0, AuthenticAMD,2
Task4,10000000,1,150,0Microsoft Windows NT 10.0.19044.0,AMD64,AMD64 Family 21 Model 112 Stepping 0, AuthenticAMD,2
Task4,10000000,2,54,0Microsoft Windows NT 10.0.19044.0,AMD64,AMD64 Family 21 Model 112 Stepping 0, AuthenticAMD,2
Task1,10000000,1,79,10000000Microsoft Windows NT 10.0.19044.0,AMD64,AMD64 Family 21 Model 112 Stepping 0, AuthenticAMD,2
Task1,10000000,2,126,12571762Microsoft Windows NT 10.0.19044.0,AMD64,AMD64 Family 21 Model 112 Stepping 0, AuthenticAMD,2
Task1,1000000,1,11,1000000Microsoft Windows NT 10.0.19044.0,AMD64,AMD64 Family 21 Model 112 Stepping 0, AuthenticAMD,2
Task1,1000000,2,30,1217987Microsoft Windows NT 10.0.19044.0,AMD64,AMD64 Family 21 Model 112 Stepping 0, AuthenticAMD,2
Task5,10000,1,15,2147440535Microsoft Windows NT 10.0.19044.0,AMD64,AMD64 Family 21 Model 112 Stepping 0, AuthenticAMD,2
Task5,10000,2,2484,2147440535Microsoft Windows NT 10.0.19044.0,AMD64,AMD64 Family 21 Model 112 Stepping 0, AuthenticAMD,2
Task5,10000000,1,156,2147483646Microsoft Windows NT 10.0.19044.0,AMD64,AMD64 Family 21 Model 112 Stepping 0, AuthenticAMD,2
Task5,10000000,2,128,2147483646Microsoft Windows NT 10.0.19044.0,AMD64,AMD64 Family 21 Model 112 Stepping 0, AuthenticAMD,2
Task6,1000,1,385,533219Microsoft Windows NT 10.0.19044.0,AMD64,AMD64 Family 21 Model 112 Stepping 0, AuthenticAMD,2
Task6,1000,2,33,533219Microsoft Windows NT 10.0.19044.0,AMD64,AMD64 Family 21 Model 112 Stepping 0, AuthenticAMD,2
Task6,10000000,1,114,312Microsoft Windows NT 10.0.19044.0,AMD64,AMD64 Family 21 Model 112 Stepping 0, AuthenticAMD,2
Task6,10000000,2,59,312Microsoft Windows NT 10.0.19044.0,AMD64,AMD64 Family 21 Model 112 Stepping 0, AuthenticAMD,2
Task5,1000,1,0,2147187935Microsoft Windows NT 10.0.19044.0,AMD64,AMD64 Family 21 Model 112 Stepping 0, AuthenticAMD,2
Task5,1000,2,27,2147187935Microsoft Windows NT 10.0.19044.0,AMD64,AMD64 Family 21 Model 112 Stepping 0, AuthenticAMD,2
Task6,1000,1,0,175501Microsoft Windows NT 10.0.19044.0,AMD64,AMD64 Family 21 Model 112 Stepping 0, AuthenticAMD,2
Task6,1000,2,20,175501Microsoft Windows NT 10.0.19044.0,AMD64,AMD64 Family 21 Model 112 Stepping 0, AuthenticAMD,2
Task6,10000,1,0,111562Microsoft Windows NT 10.0.19044.0,AMD64,AMD64 Family 21 Model 112 Stepping 0, AuthenticAMD,2
Task6,10000,2,46,111562Microsoft Windows NT 10.0.19044.0,AMD64,AMD64 Family 21 Model 112 Stepping 0, AuthenticAMD,2
Task6,1000000,1,22,2319Microsoft Windows NT 10.0.19044.0,AMD64,AMD64 Family 21 Model 112 Stepping 0, AuthenticAMD,2
Task6,1000000,2,35,2319Microsoft Windows NT 10.0.19044.0,AMD64,AMD64 Family 21 Model 112 Stepping 0, AuthenticAMD,2
Task6,10000000,1,123,8Microsoft Windows NT 10.0.19044.0,AMD64,AMD64 Family 21 Model 112 Stepping 0, AuthenticAMD,2
Task6,10000000,2,67,8Microsoft Windows NT 10.0.19044.0,AMD64,AMD64 Family 21 Model 112 Stepping 0, AuthenticAMD,2
Task3,1000000,1,17,99984Microsoft Windows NT 10.0.19044.0,AMD64,AMD64 Family 21 Model 112 Stepping 0, AuthenticAMD,2
Task3,1000000,1,24,99984Microsoft Windows NT 10.0.19044.0,AMD64,AMD64 Family 21 Model 112 Stepping 0, AuthenticAMD,2
Task3,1000000,2,45,161070Microsoft Windows NT 10.0.19044.0,AMD64,AMD64 Family 21 Model 112 Stepping 0, AuthenticAMD,2
Task3,1000000,1,19,99825Microsoft Windows NT 10.0.19044.0,AMD64,AMD64 Family 21 Model 112 Stepping 0, AuthenticAMD,2
Task3,1000000,1,25,99825Microsoft Windows NT 10.0.19044.0,AMD64,AMD64 Family 21 Model 112 Stepping 0, AuthenticAMD,2
Task3,1000000,2,30,165947Microsoft Windows NT 10.0.19044.0,AMD64,AMD64 Family 21 Model 112 Stepping 0, AuthenticAMD,2
Task4,1000000,1,34,0Microsoft Windows NT 10.0.19044.0,AMD64,AMD64 Family 21 Model 112 Stepping 0, AuthenticAMD,2
Task4,1000000,2,41,0Microsoft Windows NT 10.0.19044.0,AMD64,AMD64 Family 21 Model 112 Stepping 0, AuthenticAMD,2
Task4,1000,1,8,0Microsoft Windows NT 10.0.19044.0,AMD64,AMD64 Family 21 Model 112 Stepping 0, AuthenticAMD,2
Task4,1000,2,22,0Microsoft Windows NT 10.0.19044.0,AMD64,AMD64 Family 21 Model 112 Stepping 0, AuthenticAMD,2
Task1,1000000,1,49,1000000Microsoft Windows NT 10.0.19044.0,AMD64,AMD64 Family 21 Model 112 Stepping 0, AuthenticAMD,2
Task1,1000000,2,75,1000000Microsoft Windows NT 10.0.19044.0,AMD64,AMD64 Family 21 Model 112 Stepping 0, AuthenticAMD,2
Task3,1000000,1,16,0Microsoft Windows NT 10.0.19044.0,AMD64,AMD64 Family 21 Model 112 Stepping 0, AuthenticAMD,2
Task3,1000000,1,21,0Microsoft Windows NT 10.0.19044.0,AMD64,AMD64 Family 21 Model 112 Stepping 0, AuthenticAMD,2
Task3,1000000,2,30,0Microsoft Windows NT 10.0.19044.0,AMD64,AMD64 Family 21 Model 112 Stepping 0, AuthenticAMD,2
Task4,1000000,1,13,0Microsoft Windows NT 10.0.19044.0,AMD64,AMD64 Family 21 Model 112 Stepping 0, AuthenticAMD,2
Task4,1000000,2,28,0Microsoft Windows NT 10.0.19044.0,AMD64,AMD64 Family 21 Model 112 Stepping 0, AuthenticAMD,2
Task5,1000000,1,114,2147480199Microsoft Windows NT 10.0.19044.0,AMD64,AMD64 Family 21 Model 112 Stepping 0, AuthenticAMD,2
Task5,1000000,2,39,2147480199Microsoft Windows NT 10.0.19044.0,AMD64,AMD64 Family 21 Model 112 Stepping 0, AuthenticAMD,2
Task6,1000000,1,120,256Microsoft Windows NT 10.0.19044.0,AMD64,AMD64 Family 21 Model 112 Stepping 0, AuthenticAMD,2
Task6,1000000,2,35,256Microsoft Windows NT 10.0.19044.0,AMD64,AMD64 Family 21 Model 112 Stepping 0, AuthenticAMD,2
Task8,1000000,2,739,25Microsoft Windows NT 10.0.19044.0,AMD64,AMD64 Family 21 Model 112 Stepping 0, AuthenticAMD,2
Task8,1000000,1,42,27Microsoft Windows NT 10.0.19044.0,AMD64,AMD64 Family 21 Model 112 Stepping 0, AuthenticAMD,2
Task8,1000000,2,153,27Microsoft Windows NT 10.0.19044.0,AMD64,AMD64 Family 21 Model 112 Stepping 0, AuthenticAMD,2
Task8,10000000,1,507,227Microsoft Windows NT 10.0.19044.0,AMD64,AMD64 Family 21 Model 112 Stepping 0, AuthenticAMD,2
Task8,10000000,2,1025,227Microsoft Windows NT 10.0.19044.0,AMD64,AMD64 Family 21 Model 112 Stepping 0, AuthenticAMD,2
Task8,1000000,1,91,18Microsoft Windows NT 10.0.19044.0,AMD64,AMD64 Family 21 Model 112 Stepping 0, AuthenticAMD,2
Task8,1000000,2,562,18Microsoft Windows NT 10.0.19044.0,AMD64,AMD64 Family 21 Model 112 Stepping 0, AuthenticAMD,2
Task8,10000000,1,885,213Microsoft Windows NT 10.0.19044.0,AMD64,AMD64 Family 21 Model 112 Stepping 0, AuthenticAMD,2
Task8,10000000,2,1172,213Microsoft Windows NT 10.0.19044.0,AMD64,AMD64 Family 21 Model 112 Stepping 0, AuthenticAMD,2
Task8,1000000,1,34,20Microsoft Windows NT 10.0.19044.0,AMD64,AMD64 Family 21 Model 112 Stepping 0, AuthenticAMD,2
Task8,1000000,2,90,20Microsoft Windows NT 10.0.19044.0,AMD64,AMD64 Family 21 Model 112 Stepping 0, AuthenticAMD,2
Task8,10000000,1,401,244Microsoft Windows NT 10.0.19044.0,AMD64,AMD64 Family 21 Model 112 Stepping 0, AuthenticAMD,2
Task8,10000000,2,552,241Microsoft Windows NT 10.0.19044.0,AMD64,AMD64 Family 21 Model 112 Stepping 0, AuthenticAMD,2
Task8,1000,1,0,0Microsoft Windows NT 10.0.19044.0,AMD64,AMD64 Family 21 Model 112 Stepping 0, AuthenticAMD,2
Task8,1000,2,35,0Microsoft Windows NT 10.0.19044.0,AMD64,AMD64 Family 21 Model 112 Stepping 0, AuthenticAMD,2
Task8,1000000,1,139,26Microsoft Windows NT 10.0.19044.0,AMD64,AMD64 Family 21 Model 112 Stepping 0, AuthenticAMD,2
Task8,1000000,2,384,26Microsoft Windows NT 10.0.19044.0,AMD64,AMD64 Family 21 Model 112 Stepping 0, AuthenticAMD,2
Task8,1000000,1,41,22Microsoft Windows NT 10.0.19044.0,AMD64,AMD64 Family 21 Model 112 Stepping 0, AuthenticAMD,2
Task8,1000000,2,92,22Microsoft Windows NT 10.0.19044.0,AMD64,AMD64 Family 21 Model 112 Stepping 0, AuthenticAMD,2
Task1,1000000,1,12,1000000Microsoft Windows NT 10.0.19044.0,AMD64,AMD64 Family 21 Model 112 Stepping 0, AuthenticAMD,2
Task1,1000000,1,11,1000000Microsoft Windows NT 10.0.19044.0,AMD64,AMD64 Family 21 Model 112 Stepping 0, AuthenticAMD,2
Task1,1000000,2,67,1186467Microsoft Windows NT 10.0.19044.0,AMD64,AMD64 Family 21 Model 112 Stepping 0, AuthenticAMD,2
Task1,10000,1,0,10000Microsoft Windows NT 10.0.19044.0,AMD64,AMD64 Family 21 Model 112 Stepping 0, AuthenticAMD,2
Task1,10000,2,147,10000Microsoft Windows NT 10.0.19044.0,AMD64,AMD64 Family 21 Model 112 Stepping 0, AuthenticAMD,2
Task1,1000000,1,5,1000000Microsoft Windows NT 10.0.19044.0,AMD64,AMD64 Family 21 Model 112 Stepping 0, AuthenticAMD,2
Task1,1000000,2,35,1377968Microsoft Windows NT 10.0.19044.0,AMD64,AMD64 Family 21 Model 112 Stepping 0, AuthenticAMD,2
Task1,10000000,1,61,10000000Microsoft Windows NT 10.0.19044.0,AMD64,AMD64 Family 21 Model 112 Stepping 0, AuthenticAMD,2
Task1,10000000,2,116,12980003Microsoft Windows NT 10.0.19044.0,AMD64,AMD64 Family 21 Model 112 Stepping 0, AuthenticAMD,2
Task1,10000,1,0,10000Microsoft Windows NT 10.0.19044.0,AMD64,AMD64 Family 21 Model 112 Stepping 0, AuthenticAMD,2
Task1,10000,2,26,12074Microsoft Windows NT 10.0.19044.0,AMD64,AMD64 Family 21 Model 112 Stepping 0, AuthenticAMD,2
Task1,10000,1,0,0Microsoft Windows NT 10.0.19044.0,AMD64,AMD64 Family 21 Model 112 Stepping 0, AuthenticAMD,2
Task1,10000,2,24,0Microsoft Windows NT 10.0.19044.0,AMD64,AMD64 Family 21 Model 112 Stepping 0, AuthenticAMD,2
Task1,1000000,1,5,0Microsoft Windows NT 10.0.19044.0,AMD64,AMD64 Family 21 Model 112 Stepping 0, AuthenticAMD,2
Task1,1000000,2,23,0Microsoft Windows NT 10.0.19044.0,AMD64,AMD64 Family 21 Model 112 Stepping 0, AuthenticAMD,2
Task1,1000000,1,10,0Microsoft Windows NT 10.0.19044.0,AMD64,AMD64 Family 21 Model 112 Stepping 0, AuthenticAMD,2
Task1,1000000,2,27,0Microsoft Windows NT 10.0.19044.0,AMD64,AMD64 Family 21 Model 112 Stepping 0, AuthenticAMD,2
Task1,1000000,1,7,0Microsoft Windows NT 10.0.19044.0,AMD64,AMD64 Family 21 Model 112 Stepping 0, AuthenticAMD,2
Task1,1000000,2,39,0Microsoft Windows NT 10.0.19044.0,AMD64,AMD64 Family 21 Model 112 Stepping 0, AuthenticAMD,2
Task1,10000000,1,56,0Microsoft Windows NT 10.0.19044.0,AMD64,AMD64 Family 21 Model 112 Stepping 0, AuthenticAMD,2
Task1,10000000,2,98,0Microsoft Windows NT 10.0.19044.0,AMD64,AMD64 Family 21 Model 112 Stepping 0, AuthenticAMD,2
Task3,10000,1,12,1144Microsoft Windows NT 10.0.19044.0,AMD64,AMD64 Family 21 Model 112 Stepping 0, AuthenticAMD,2
Task3,10000,1,12,1144Microsoft Windows NT 10.0.19044.0,AMD64,AMD64 Family 21 Model 112 Stepping 0, AuthenticAMD,2
Task3,10000,2,249,1144Microsoft Windows NT 10.0.19044.0,AMD64,AMD64 Family 21 Model 112 Stepping 0, AuthenticAMD,2
Task3,1000000,1,115,111335Microsoft Windows NT 10.0.19044.0,AMD64,AMD64 Family 21 Model 112 Stepping 0, AuthenticAMD,2
Task3,1000000,1,130,111335Microsoft Windows NT 10.0.19044.0,AMD64,AMD64 Family 21 Model 112 Stepping 0, AuthenticAMD,2
Task3,1000000,2,117,111335Microsoft Windows NT 10.0.19044.0,AMD64,AMD64 Family 21 Model 112 Stepping 0, AuthenticAMD,2
Task3,10000000,1,221,1108991Microsoft Windows NT 10.0.19044.0,AMD64,AMD64 Family 21 Model 112 Stepping 0, AuthenticAMD,2
Task3,10000000,1,326,1108991Microsoft Windows NT 10.0.19044.0,AMD64,AMD64 Family 21 Model 112 Stepping 0, AuthenticAMD,2
Task3,10000000,2,97,1108991Microsoft Windows NT 10.0.19044.0,AMD64,AMD64 Family 21 Model 112 Stepping 0, AuthenticAMD,2
Task1,1000000,1,30,888481Microsoft Windows NT 10.0.19044.0,AMD64,AMD64 Family 21 Model 112 Stepping 0, AuthenticAMD,2
Task1,1000000,2,1306,888481Microsoft Windows NT 10.0.19044.0,AMD64,AMD64 Family 21 Model 112 Stepping 0, AuthenticAMD,2
Task1,1000000,1,13,1000000Microsoft Windows NT 10.0.19044.0,AMD64,AMD64 Family 21 Model 112 Stepping 0, AuthenticAMD,2
Task1,1000000,2,28,1000000Microsoft Windows NT 10.0.19044.0,AMD64,AMD64 Family 21 Model 112 Stepping 0, AuthenticAMD,2
Task1,1000000,1,7,1000000Microsoft Windows NT 10.0.19044.0,AMD64,AMD64 Family 21 Model 112 Stepping 0, AuthenticAMD,2
Task1,1000000,2,95,1000000Microsoft Windows NT 10.0.19044.0,AMD64,AMD64 Family 21 Model 112 Stepping 0, AuthenticAMD,2
Task1,10000000,1,106,10000000Microsoft Windows NT 10.0.19044.0,AMD64,AMD64 Family 21 Model 112 Stepping 0, AuthenticAMD,2
Task1,10000000,2,87,10000000Microsoft Windows NT 10.0.19044.0,AMD64,AMD64 Family 21 Model 112 Stepping 0, AuthenticAMD,2
Task4,10000,1,10,0Microsoft Windows NT 10.0.19044.0,AMD64,AMD64 Family 21 Model 112 Stepping 0, AuthenticAMD,2
Task4,10000,2,50,0Microsoft Windows NT 10.0.19044.0,AMD64,AMD64 Family 21 Model 112 Stepping 0, AuthenticAMD,2
Task4,100000,1,18,1Microsoft Windows NT 10.0.19044.0,AMD64,AMD64 Family 21 Model 112 Stepping 0, AuthenticAMD,2
Task4,100000,2,754,1Microsoft Windows NT 10.0.19044.0,AMD64,AMD64 Family 21 Model 112 Stepping 0, AuthenticAMD,2
Task4,10000,1,3,0Microsoft Windows NT 10.0.19044.0,AMD64,AMD64 Family 21 Model 112 Stepping 0, AuthenticAMD,2
Task4,10000,2,20,0Microsoft Windows NT 10.0.19044.0,AMD64,AMD64 Family 21 Model 112 Stepping 0, AuthenticAMD,2
Task5,1000000,1,60,2147480441Microsoft Windows NT 10.0.19044.0,AMD64,AMD64 Family 21 Model 112 Stepping 0, AuthenticAMD,2
Task5,1000000,2,40,2147480441Microsoft Windows NT 10.0.19044.0,AMD64,AMD64 Family 21 Model 112 Stepping 0, AuthenticAMD,2
Task5,1000000,1,18,2147481678Microsoft Windows NT 10.0.19044.0,AMD64,AMD64 Family 21 Model 112 Stepping 0, AuthenticAMD,2
Task5,1000000,2,25,2147481678Microsoft Windows NT 10.0.19044.0,AMD64,AMD64 Family 21 Model 112 Stepping 0, AuthenticAMD,2
Task6,1000000,1,106,3339Microsoft Windows NT 10.0.19044.0,AMD64,AMD64 Family 21 Model 112 Stepping 0, AuthenticAMD,2
Task6,1000000,2,30,3339Microsoft Windows NT 10.0.19044.0,AMD64,AMD64 Family 21 Model 112 Stepping 0, AuthenticAMD,2
Task4,1000000,1,36,0Microsoft Windows NT 10.0.19044.0,AMD64,AMD64 Family 21 Model 112 Stepping 0, AuthenticAMD,2
Task4,1000000,2,38,0Microsoft Windows NT 10.0.19044.0,AMD64,AMD64 Family 21 Model 112 Stepping 0, AuthenticAMD,2
Task3,1000000,1,16,0Microsoft Windows NT 10.0.19044.0,AMD64,AMD64 Family 21 Model 112 Stepping 0, AuthenticAMD,2
Task3,1000000,1,21,0Microsoft Windows NT 10.0.19044.0,AMD64,AMD64 Family 21 Model 112 Stepping 0, AuthenticAMD,2
Task3,1000000,2,65,0Microsoft Windows NT 10.0.19044.0,AMD64,AMD64 Family 21 Model 112 Stepping 0, AuthenticAMD,2
Task5,1000000,1,19,2147482743Microsoft Windows NT 10.0.19044.0,AMD64,AMD64 Family 21 Model 112 Stepping 0, AuthenticAMD,2
Task5,1000000,2,21,2147482743Microsoft Windows NT 10.0.19044.0,AMD64,AMD64 Family 21 Model 112 Stepping 0, AuthenticAMD,2
Task5,1000000,1,18,2147481122Microsoft Windows NT 10.0.19044.0,AMD64,AMD64 Family 21 Model 112 Stepping 0, AuthenticAMD,2
Task5,1000000,2,23,2147481122Microsoft Windows NT 10.0.19044.0,AMD64,AMD64 Family 21 Model 112 Stepping 0, AuthenticAMD,2
Task6,1000000,1,30,6473Microsoft Windows NT 10.0.19044.0,AMD64,AMD64 Family 21 Model 112 Stepping 0, AuthenticAMD,2
Task6,1000000,2,30,6473Microsoft Windows NT 10.0.19044.0,AMD64,AMD64 Family 21 Model 112 Stepping 0, AuthenticAMD,2
Task5,10000000,1,154,2147483578Microsoft Windows NT 10.0.19044.0,AMD64,AMD64 Family 21 Model 112 Stepping 0, AuthenticAMD,2
Task5,10000000,2,45,2147483578Microsoft Windows NT 10.0.19044.0,AMD64,AMD64 Family 21 Model 112 Stepping 0, AuthenticAMD,2
Task6,10000000,1,152,216Microsoft Windows NT 10.0.19044.0,AMD64,AMD64 Family 21 Model 112 Stepping 0, AuthenticAMD,2
Task6,10000000,2,70,216Microsoft Windows NT 10.0.19044.0,AMD64,AMD64 Family 21 Model 112 Stepping 0, AuthenticAMD,2
Task7,101,1,109,54Microsoft Windows NT 10.0.19044.0,AMD64,AMD64 Family 21 Model 112 Stepping 0, AuthenticAMD,2
Task7,101,2,39,54Microsoft Windows NT 10.0.19044.0,AMD64,AMD64 Family 21 Model 112 Stepping 0, AuthenticAMD,2
Task7,101,1,0,40Microsoft Windows NT 10.0.19044.0,AMD64,AMD64 Family 21 Model 112 Stepping 0, AuthenticAMD,2
Task7,101,2,247,40Microsoft Windows NT 10.0.19044.0,AMD64,AMD64 Family 21 Model 112 Stepping 0, AuthenticAMD,2
Task7,1000000,1,112,415829Microsoft Windows NT 10.0.19044.0,AMD64,AMD64 Family 21 Model 112 Stepping 0, AuthenticAMD,2
Task7,1000000,2,62,415829Microsoft Windows NT 10.0.19044.0,AMD64,AMD64 Family 21 Model 112 Stepping 0, AuthenticAMD,2
Task7,10000,1,1,4170Microsoft Windows NT 10.0.19044.0,AMD64,AMD64 Family 21 Model 112 Stepping 0, AuthenticAMD,2
Task7,10000,2,63,4170Microsoft Windows NT 10.0.19044.0,AMD64,AMD64 Family 21 Model 112 Stepping 0, AuthenticAMD,2
Task8,1000000,1,100,167047Microsoft Windows NT 10.0.19044.0,AMD64,AMD64 Family 21 Model 112 Stepping 0, AuthenticAMD,2
Task8,1000000,2,79,167032Microsoft Windows NT 10.0.19044.0,AMD64,AMD64 Family 21 Model 112 Stepping 0, AuthenticAMD,2
Task8,100000,1,36,16697Microsoft Windows NT 10.0.19044.0,AMD64,AMD64 Family 21 Model 112 Stepping 0, AuthenticAMD,2
Task8,100000,2,81,16697Microsoft Windows NT 10.0.19044.0,AMD64,AMD64 Family 21 Model 112 Stepping 0, AuthenticAMD,2
Task8,1000000,1,37,167275Microsoft Windows NT 10.0.19044.0,AMD64,AMD64 Family 21 Model 112 Stepping 0, AuthenticAMD,2
Task8,1000000,2,101,167275Microsoft Windows NT 10.0.19044.0,AMD64,AMD64 Family 21 Model 112 Stepping 0, AuthenticAMD,2
Task7,1000000,1,101,417474Microsoft Windows NT 10.0.19044.0,AMD64,AMD64 Family 21 Model 112 Stepping 0, AuthenticAMD,2
Task7,1000000,2,77,417474Microsoft Windows NT 10.0.19044.0,AMD64,AMD64 Family 21 Model 112 Stepping 0, AuthenticAMD,2
Task8,1000000,1,75,167023Microsoft Windows NT 10.0.19044.0,AMD64,AMD64 Family 21 Model 112 Stepping 0, AuthenticAMD,2
Task8,1000000,2,214,167023Microsoft Windows NT 10.0.19044.0,AMD64,AMD64 Family 21 Model 112 Stepping 0, AuthenticAMD,2
Task7,1000000,1,143,417151Microsoft Windows NT 10.0.19044.0,AMD64,AMD64 Family 21 Model 112 Stepping 0, AuthenticAMD,2
Task7,1000000,2,92,417151Microsoft Windows NT 10.0.19044.0,AMD64,AMD64 Family 21 Model 112 Stepping 0, AuthenticAMD,2
Task8,1000000,1,69,166083Microsoft Windows NT 10.0.19044.0,AMD64,AMD64 Family 21 Model 112 Stepping 0, AuthenticAMD,2
Task8,1000000,2,93,166083Microsoft Windows NT 10.0.19044.0,AMD64,AMD64 Family 21 Model 112 Stepping 0, AuthenticAMD,2
Task7,1000000,1,412,417238Microsoft Windows NT 10.0.19044.0,AMD64,AMD64 Family 21 Model 112 Stepping 0, AuthenticAMD,2
Task7,1000000,2,595,417238Microsoft Windows NT 10.0.19044.0,AMD64,AMD64 Family 21 Model 112 Stepping 0, AuthenticAMD,2
Task8,1000000,1,114,166119Microsoft Windows NT 10.0.19044.0,AMD64,AMD64 Family 21 Model 112 Stepping 0, AuthenticAMD,2
Task8,1000000,2,94,166119Microsoft Windows NT 10.0.19044.0,AMD64,AMD64 Family 21 Model 112 Stepping 0, AuthenticAMD,2
Task7,1000000,1,80,417058Microsoft Windows NT 10.0.19044.0,AMD64,AMD64 Family 21 Model 112 Stepping 0, AuthenticAMD,2
Task7,1000000,2,163,417058Microsoft Windows NT 10.0.19044.0,AMD64,AMD64 Family 21 Model 112 Stepping 0, AuthenticAMD,2
Task8,1000000,1,75,166977Microsoft Windows NT 10.0.19044.0,AMD64,AMD64 Family 21 Model 112 Stepping 0, AuthenticAMD,2
Task8,1000000,2,65,166977Microsoft Windows NT 10.0.19044.0,AMD64,AMD64 Family 21 Model 112 Stepping 0, AuthenticAMD,2
Task8,1000000,1,74,166472Microsoft Windows NT 10.0.19044.0,AMD64,AMD64 Family 21 Model 112 Stepping 0, AuthenticAMD,2
Task8,1000000,2,133,166472Microsoft Windows NT 10.0.19044.0,AMD64,AMD64 Family 21 Model 112 Stepping 0, AuthenticAMD,2
Task8,10000,1,1,1678Microsoft Windows NT 10.0.19044.0,AMD64,AMD64 Family 21 Model 112 Stepping 0, AuthenticAMD,2
Task8,10000,2,21,1678Microsoft Windows NT 10.0.19044.0,AMD64,AMD64 Family 21 Model 112 Stepping 0, AuthenticAMD,2
Task8,1000000,1,97,167094Microsoft Windows NT 10.0.19044.0,AMD64,AMD64 Family 21 Model 112 Stepping 0, AuthenticAMD,2
Task8,1000000,2,61,167094Microsoft Windows NT 10.0.19044.0,AMD64,AMD64 Family 21 Model 112 Stepping 0, AuthenticAMD,2
Task7,100000,1,13,41524Microsoft Windows NT 10.0.19044.0,AMD64,AMD64 Family 21 Model 112 Stepping 0, AuthenticAMD,2
Task7,100000,2,296,41524Microsoft Windows NT 10.0.19044.0,AMD64,AMD64 Family 21 Model 112 Stepping 0, AuthenticAMD,2
Task8,100000,1,14,16656Microsoft Windows NT 10.0.19044.0,AMD64,AMD64 Family 21 Model 112 Stepping 0, AuthenticAMD,2
Task8,100000,2,29,16656Microsoft Windows NT 10.0.19044.0,AMD64,AMD64 Family 21 Model 112 Stepping 0, AuthenticAMD,2
Task8,10000,1,0,1625Microsoft Windows NT 10.0.19044.0,AMD64,AMD64 Family 21 Model 112 Stepping 0, AuthenticAMD,2
Task8,10000,2,24,1625Microsoft Windows NT 10.0.19044.0,AMD64,AMD64 Family 21 Model 112 Stepping 0, AuthenticAMD,2
Task9,100000,1,10,524Microsoft Windows NT 10.0.19044.0,AMD64,AMD64 Family 21 Model 112 Stepping 0, AuthenticAMD,2
Task9,1000000,1,23,-3687Microsoft Windows NT 10.0.19044.0,AMD64,AMD64 Family 21 Model 112 Stepping 0, AuthenticAMD,2
Task9,1000000,2,61,12500357Microsoft Windows NT 10.0.19044.0,AMD64,AMD64 Family 21 Model 112 Stepping 0, AuthenticAMD,2
Task10,100000,1,35,647102Microsoft Windows NT 10.0.19044.0,AMD64,AMD64 Family 21 Model 112 Stepping 0, AuthenticAMD,2
Task10,100000,2,105,647102Microsoft Windows NT 10.0.19044.0,AMD64,AMD64 Family 21 Model 112 Stepping 0, AuthenticAMD,2
Task9,10000,1,3,-328Microsoft Windows NT 10.0.19044.0,AMD64,AMD64 Family 21 Model 112 Stepping 0, AuthenticAMD,2
Task9,10000,2,54,125058Microsoft Windows NT 10.0.19044.0,AMD64,AMD64 Family 21 Model 112 Stepping 0, AuthenticAMD,2
Task10,10000000,1,161,64991054Microsoft Windows NT 10.0.19044.0,AMD64,AMD64 Family 21 Model 112 Stepping 0, AuthenticAMD,2
Task10,10000000,2,132,64991054Microsoft Windows NT 10.0.19044.0,AMD64,AMD64 Family 21 Model 112 Stepping 0, AuthenticAMD,2
Task1,1000000,1,42,41830Microsoft Windows NT 10.0.19044.0,AMD64,AMD64 Family 21 Model 112 Stepping 0, AuthenticAMD,2
Task1,1000000,2,33,41830Microsoft Windows NT 10.0.19044.0,AMD64,AMD64 Family 21 Model 112 Stepping 0, AuthenticAMD,2
Task3,1000000,1,16,41452Microsoft Windows NT 10.0.19044.0,AMD64,AMD64 Family 21 Model 112 Stepping 0, AuthenticAMD,2
Task3,1000000,1,25,41452Microsoft Windows NT 10.0.19044.0,AMD64,AMD64 Family 21 Model 112 Stepping 0, AuthenticAMD,2
Task3,1000000,2,39,41452Microsoft Windows NT 10.0.19044.0,AMD64,AMD64 Family 21 Model 112 Stepping 0, AuthenticAMD,2
Task4,1000000,1,15,0Microsoft Windows NT 10.0.19044.0,AMD64,AMD64 Family 21 Model 112 Stepping 0, AuthenticAMD,2
Task4,1000000,2,51,0Microsoft Windows NT 10.0.19044.0,AMD64,AMD64 Family 21 Model 112 Stepping 0, AuthenticAMD,2
Task5,1000000,1,11,24Microsoft Windows NT 10.0.19044.0,AMD64,AMD64 Family 21 Model 112 Stepping 0, AuthenticAMD,2
Task5,1000000,2,25,24Microsoft Windows NT 10.0.19044.0,AMD64,AMD64 Family 21 Model 112 Stepping 0, AuthenticAMD,2
Task6,1000000,1,11,1Microsoft Windows NT 10.0.19044.0,AMD64,AMD64 Family 21 Model 112 Stepping 0, AuthenticAMD,2
Task6,1000000,2,27,1Microsoft Windows NT 10.0.19044.0,AMD64,AMD64 Family 21 Model 112 Stepping 0, AuthenticAMD,2
Task7,100000,1,8,41788Microsoft Windows NT 10.0.19044.0,AMD64,AMD64 Family 21 Model 112 Stepping 0, AuthenticAMD,2
Task7,100000,2,52,41788Microsoft Windows NT 10.0.19044.0,AMD64,AMD64 Family 21 Model 112 Stepping 0, AuthenticAMD,2
Task8,1000000,1,76,166969Microsoft Windows NT 10.0.19044.0,AMD64,AMD64 Family 21 Model 112 Stepping 0, AuthenticAMD,2
Task8,1000000,2,63,166969Microsoft Windows NT 10.0.19044.0,AMD64,AMD64 Family 21 Model 112 Stepping 0, AuthenticAMD,2
Task10,1000000,1,15,6511072Microsoft Windows NT 10.0.19044.0,AMD64,AMD64 Family 21 Model 112 Stepping 0, AuthenticAMD,2
Task10,1000000,2,42,6511072Microsoft Windows NT 10.0.19044.0,AMD64,AMD64 Family 21 Model 112 Stepping 0, AuthenticAMD,2
Task1,1000000,1,17,41862Microsoft Windows NT 10.0.19044.0,AMD64,AMD64 Family 21 Model 112 Stepping 0, AuthenticAMD,2
Task1,1000000,2,36,41862Microsoft Windows NT 10.0.19044.0,AMD64,AMD64 Family 21 Model 112 Stepping 0, AuthenticAMD,2
Task3,1000000,1,15,41424Microsoft Windows NT 10.0.19044.0,AMD64,AMD64 Family 21 Model 112 Stepping 0, AuthenticAMD,2
Task3,1000000,1,24,41424Microsoft Windows NT 10.0.19044.0,AMD64,AMD64 Family 21 Model 112 Stepping 0, AuthenticAMD,2
Task3,1000000,2,29,41424Microsoft Windows NT 10.0.19044.0,AMD64,AMD64 Family 21 Model 112 Stepping 0, AuthenticAMD,2
Task1,1000000,1,10,41825Microsoft Windows NT 10.0.19044.0,AMD64,AMD64 Family 21 Model 112 Stepping 0, AuthenticAMD,2
Task1,1000000,2,32,41825Microsoft Windows NT 10.0.19044.0,AMD64,AMD64 Family 21 Model 112 Stepping 0, AuthenticAMD,2
Task3,1000000,1,15,41253Microsoft Windows NT 10.0.19044.0,AMD64,AMD64 Family 21 Model 112 Stepping 0, AuthenticAMD,2
Task3,1000000,1,21,41253Microsoft Windows NT 10.0.19044.0,AMD64,AMD64 Family 21 Model 112 Stepping 0, AuthenticAMD,2
Task3,1000000,2,29,41253Microsoft Windows NT 10.0.19044.0,AMD64,AMD64 Family 21 Model 112 Stepping 0, AuthenticAMD,2
Task4,1000000,1,14,0Microsoft Windows NT 10.0.19044.0,AMD64,AMD64 Family 21 Model 112 Stepping 0, AuthenticAMD,2
Task4,1000000,2,30,0Microsoft Windows NT 10.0.19044.0,AMD64,AMD64 Family 21 Model 112 Stepping 0, AuthenticAMD,2
Task5,1000000,1,15,24Microsoft Windows NT 10.0.19044.0,AMD64,AMD64 Family 21 Model 112 Stepping 0, AuthenticAMD,2
Task5,1000000,2,31,24Microsoft Windows NT 10.0.19044.0,AMD64,AMD64 Family 21 Model 112 Stepping 0, AuthenticAMD,2
Task6,1000000,1,14,1Microsoft Windows NT 10.0.19044.0,AMD64,AMD64 Family 21 Model 112 Stepping 0, AuthenticAMD,2
Task6,1000000,2,27,1Microsoft Windows NT 10.0.19044.0,AMD64,AMD64 Family 21 Model 112 Stepping 0, AuthenticAMD,2
Task7,1000000,1,71,416958Microsoft Windows NT 10.0.19044.0,AMD64,AMD64 Family 21 Model 112 Stepping 0, AuthenticAMD,2
Task7,1000000,2,113,416958Microsoft Windows NT 10.0.19044.0,AMD64,AMD64 Family 21 Model 112 Stepping 0, AuthenticAMD,2
Task8,1000000,1,106,167166Microsoft Windows NT 10.0.19044.0,AMD64,AMD64 Family 21 Model 112 Stepping 0, AuthenticAMD,2
Task8,1000000,2,63,167166Microsoft Windows NT 10.0.19044.0,AMD64,AMD64 Family 21 Model 112 Stepping 0, AuthenticAMD,2
Task10,1000000,1,15,6489170Microsoft Windows NT 10.0.19044.0,AMD64,AMD64 Family 21 Model 112 Stepping 0, AuthenticAMD,2
Task10,1000000,2,36,6489170Microsoft Windows NT 10.0.19044.0,AMD64,AMD64 Family 21 Model 112 Stepping 0, AuthenticAMD,2
Task1,1000000,1,6,41893Microsoft Windows NT 10.0.19044.0,AMD64,AMD64 Family 21 Model 112 Stepping 0, AuthenticAMD,2
Task1,1000000,2,36,41893Microsoft Windows NT 10.0.19044.0,AMD64,AMD64 Family 21 Model 112 Stepping 0, AuthenticAMD,2
Task3,1000000,1,17,41905Microsoft Windows NT 10.0.19044.0,AMD64,AMD64 Family 21 Model 112 Stepping 0, AuthenticAMD,2
Task3,1000000,1,22,41905Microsoft Windows NT 10.0.19044.0,AMD64,AMD64 Family 21 Model 112 Stepping 0, AuthenticAMD,2
Task3,1000000,2,25,41905Microsoft Windows NT 10.0.19044.0,AMD64,AMD64 Family 21 Model 112 Stepping 0, AuthenticAMD,2
Task4,1000000,1,16,0Microsoft Windows NT 10.0.19044.0,AMD64,AMD64 Family 21 Model 112 Stepping 0, AuthenticAMD,2
Task4,1000000,2,25,0Microsoft Windows NT 10.0.19044.0,AMD64,AMD64 Family 21 Model 112 Stepping 0, AuthenticAMD,2
Task5,1000000,1,11,24Microsoft Windows NT 10.0.19044.0,AMD64,AMD64 Family 21 Model 112 Stepping 0, AuthenticAMD,2
Task5,1000000,2,22,24Microsoft Windows NT 10.0.19044.0,AMD64,AMD64 Family 21 Model 112 Stepping 0, AuthenticAMD,2
Task6,1000000,1,11,1Microsoft Windows NT 10.0.19044.0,AMD64,AMD64 Family 21 Model 112 Stepping 0, AuthenticAMD,2
Task6,1000000,2,25,1Microsoft Windows NT 10.0.19044.0,AMD64,AMD64 Family 21 Model 112 Stepping 0, AuthenticAMD,2
Task7,1000000,1,71,416310Microsoft Windows NT 10.0.19044.0,AMD64,AMD64 Family 21 Model 112 Stepping 0, AuthenticAMD,2
Task7,1000000,2,64,416310Microsoft Windows NT 10.0.19044.0,AMD64,AMD64 Family 21 Model 112 Stepping 0, AuthenticAMD,2
Task8,1000000,1,70,166536Microsoft Windows NT 10.0.19044.0,AMD64,AMD64 Family 21 Model 112 Stepping 0, AuthenticAMD,2
Task8,1000000,2,79,166536Microsoft Windows NT 10.0.19044.0,AMD64,AMD64 Family 21 Model 112 Stepping 0, AuthenticAMD,2
Task10,1000000,1,15,6509918Microsoft Windows NT 10.0.19044.0,AMD64,AMD64 Family 21 Model 112 Stepping 0, AuthenticAMD,2
Task10,1000000,2,61,6509918Microsoft Windows NT 10.0.19044.0,AMD64,AMD64 Family 21 Model 112 Stepping 0, AuthenticAMD,2
Task1,1000000,1,6,42022Microsoft Windows NT 10.0.19044.0,AMD64,AMD64 Family 21 Model 112 Stepping 0, AuthenticAMD,2
Task1,1000000,2,94,42022Microsoft Windows NT 10.0.19044.0,AMD64,AMD64 Family 21 Model 112 Stepping 0, AuthenticAMD,2
Task3,1000000,1,35,41959Microsoft Windows NT 10.0.19044.0,AMD64,AMD64 Family 21 Model 112 Stepping 0, AuthenticAMD,2
Task3,1000000,1,46,41959Microsoft Windows NT 10.0.19044.0,AMD64,AMD64 Family 21 Model 112 Stepping 0, AuthenticAMD,2
Task3,1000000,2,35,41959Microsoft Windows NT 10.0.19044.0,AMD64,AMD64 Family 21 Model 112 Stepping 0, AuthenticAMD,2
Task4,1000000,1,17,0Microsoft Windows NT 10.0.19044.0,AMD64,AMD64 Family 21 Model 112 Stepping 0, AuthenticAMD,2
Task4,1000000,2,30,0Microsoft Windows NT 10.0.19044.0,AMD64,AMD64 Family 21 Model 112 Stepping 0, AuthenticAMD,2
Task5,1000000,1,15,24Microsoft Windows NT 10.0.19044.0,AMD64,AMD64 Family 21 Model 112 Stepping 0, AuthenticAMD,2
Task5,1000000,2,32,24Microsoft Windows NT 10.0.19044.0,AMD64,AMD64 Family 21 Model 112 Stepping 0, AuthenticAMD,2
Task6,1000000,1,13,1Microsoft Windows NT 10.0.19044.0,AMD64,AMD64 Family 21 Model 112 Stepping 0, AuthenticAMD,2
Task6,1000000,2,31,1Microsoft Windows NT 10.0.19044.0,AMD64,AMD64 Family 21 Model 112 Stepping 0, AuthenticAMD,2
Task7,1000000,1,73,416521Microsoft Windows NT 10.0.19044.0,AMD64,AMD64 Family 21 Model 112 Stepping 0, AuthenticAMD,2
Task7,1000000,2,106,416521Microsoft Windows NT 10.0.19044.0,AMD64,AMD64 Family 21 Model 112 Stepping 0, AuthenticAMD,2
Task8,1000000,1,72,166819Microsoft Windows NT 10.0.19044.0,AMD64,AMD64 Family 21 Model 112 Stepping 0, AuthenticAMD,2
Task8,1000000,2,67,166819Microsoft Windows NT 10.0.19044.0,AMD64,AMD64 Family 21 Model 112 Stepping 0, AuthenticAMD,2
Task10,1000000,1,15,6497444Microsoft Windows NT 10.0.19044.0,AMD64,AMD64 Family 21 Model 112 Stepping 0, AuthenticAMD,2
Task10,1000000,2,46,6497444Microsoft Windows NT 10.0.19044.0,AMD64,AMD64 Family 21 Model 112 Stepping 0, AuthenticAMD,2
Task1,1000000,1,18,41461Microsoft Windows NT 10.0.19044.0,AMD64,AMD64 Family 21 Model 112 Stepping 0, AuthenticAMD,2
Task1,1000000,2,47,41461Microsoft Windows NT 10.0.19044.0,AMD64,AMD64 Family 21 Model 112 Stepping 0, AuthenticAMD,2
Task6,1000000,1,11,1Microsoft Windows NT 10.0.19044.0,AMD64,AMD64 Family 21 Model 112 Stepping 0, AuthenticAMD,2
Task6,1000000,2,33,1Microsoft Windows NT 10.0.19044.0,AMD64,AMD64 Family 21 Model 112 Stepping 0, AuthenticAMD,2
Task5,1000000,1,11,24Microsoft Windows NT 10.0.19044.0,AMD64,AMD64 Family 21 Model 112 Stepping 0, AuthenticAMD,2
Task5,1000000,2,70,24Microsoft Windows NT 10.0.19044.0,AMD64,AMD64 Family 21 Model 112 Stepping 0, AuthenticAMD,2
Task4,1000000,1,18,0Microsoft Windows NT 10.0.19044.0,AMD64,AMD64 Family 21 Model 112 Stepping 0, AuthenticAMD,2
Task4,1000000,2,58,0Microsoft Windows NT 10.0.19044.0,AMD64,AMD64 Family 21 Model 112 Stepping 0, AuthenticAMD,2
Task3,1000000,1,37,41587Microsoft Windows NT 10.0.19044.0,AMD64,AMD64 Family 21 Model 112 Stepping 0, AuthenticAMD,2
Task3,1000000,1,48,41587Microsoft Windows NT 10.0.19044.0,AMD64,AMD64 Family 21 Model 112 Stepping 0, AuthenticAMD,2
Task3,1000000,2,28,41587Microsoft Windows NT 10.0.19044.0,AMD64,AMD64 Family 21 Model 112 Stepping 0, AuthenticAMD,2
Task7,1000000,1,79,415557Microsoft Windows NT 10.0.19044.0,AMD64,AMD64 Family 21 Model 112 Stepping 0, AuthenticAMD,2
Task7,1000000,2,71,415557Microsoft Windows NT 10.0.19044.0,AMD64,AMD64 Family 21 Model 112 Stepping 0, AuthenticAMD,2
Task8,1000000,1,105,166647Microsoft Windows NT 10.0.19044.0,AMD64,AMD64 Family 21 Model 112 Stepping 0, AuthenticAMD,2
Task8,1000000,2,116,166647Microsoft Windows NT 10.0.19044.0,AMD64,AMD64 Family 21 Model 112 Stepping 0, AuthenticAMD,2
Task10,1000000,1,15,6493264Microsoft Windows NT 10.0.19044.0,AMD64,AMD64 Family 21 Model 112 Stepping 0, AuthenticAMD,2
Task10,1000000,2,45,6493264Microsoft Windows NT 10.0.19044.0,AMD64,AMD64 Family 21 Model 112 Stepping 0, AuthenticAMD,2
Task1,1000000,1,16,41761Microsoft Windows NT 10.0.19044.0,AMD64,AMD64 Family 21 Model 112 Stepping 0, AuthenticAMD,2
Task1,1000000,2,33,41761Microsoft Windows NT 10.0.19044.0,AMD64,AMD64 Family 21 Model 112 Stepping 0, AuthenticAMD,2
Task3,1000000,1,16,41728Microsoft Windows NT 10.0.19044.0,AMD64,AMD64 Family 21 Model 112 Stepping 0, AuthenticAMD,2
Task3,1000000,1,21,41728Microsoft Windows NT 10.0.19044.0,AMD64,AMD64 Family 21 Model 112 Stepping 0, AuthenticAMD,2
Task3,1000000,2,39,41728Microsoft Windows NT 10.0.19044.0,AMD64,AMD64 Family 21 Model 112 Stepping 0, AuthenticAMD,2
Task4,1000000,1,16,0Microsoft Windows NT 10.0.19044.0,AMD64,AMD64 Family 21 Model 112 Stepping 0, AuthenticAMD,2
Task4,1000000,2,44,0Microsoft Windows NT 10.0.19044.0,AMD64,AMD64 Family 21 Model 112 Stepping 0, AuthenticAMD,2
Task5,1000000,1,11,24Microsoft Windows NT 10.0.19044.0,AMD64,AMD64 Family 21 Model 112 Stepping 0, AuthenticAMD,2
Task5,1000000,2,26,24Microsoft Windows NT 10.0.19044.0,AMD64,AMD64 Family 21 Model 112 Stepping 0, AuthenticAMD,2
Task6,1000000,1,11,1Microsoft Windows NT 10.0.19044.0,AMD64,AMD64 Family 21 Model 112 Stepping 0, AuthenticAMD,2
Task6,1000000,2,27,1Microsoft Windows NT 10.0.19044.0,AMD64,AMD64 Family 21 Model 112 Stepping 0, AuthenticAMD,2
Task7,1000000,1,69,416661Microsoft Windows NT 10.0.19044.0,AMD64,AMD64 Family 21 Model 112 Stepping 0, AuthenticAMD,2
Task7,1000000,2,167,416661Microsoft Windows NT 10.0.19044.0,AMD64,AMD64 Family 21 Model 112 Stepping 0, AuthenticAMD,2
Task8,1000000,1,72,166518Microsoft Windows NT 10.0.19044.0,AMD64,AMD64 Family 21 Model 112 Stepping 0, AuthenticAMD,2
Task8,1000000,2,99,166518Microsoft Windows NT 10.0.19044.0,AMD64,AMD64 Family 21 Model 112 Stepping 0, AuthenticAMD,2
Task10,1000000,1,15,6489796Microsoft Windows NT 10.0.19044.0,AMD64,AMD64 Family 21 Model 112 Stepping 0, AuthenticAMD,2
Task10,1000000,2,29,6489796Microsoft Windows NT 10.0.19044.0,AMD64,AMD64 Family 21 Model 112 Stepping 0, AuthenticAMD,2
Task9,1000000,1,28,-4888Microsoft Windows NT 10.0.19044.0,AMD64,AMD64 Family 21 Model 112 Stepping 0, AuthenticAMD,2
Task9,1000000,2,68,4888Microsoft Windows NT 10.0.19044.0,AMD64,AMD64 Family 21 Model 112 Stepping 0, AuthenticAMD,2
Task9,1000000,1,25,6802Microsoft Windows NT 10.0.19044.0,AMD64,AMD64 Family 21 Model 112 Stepping 0, AuthenticAMD,2
Task9,1000000,2,32,6802Microsoft Windows NT 10.0.19044.0,AMD64,AMD64 Family 21 Model 112 Stepping 0, AuthenticAMD,2
Task9,1000,1,0,76Microsoft Windows NT 10.0.19044.0,AMD64,AMD64 Family 21 Model 112 Stepping 0, AuthenticAMD,2
Task9,1000,2,48,76Microsoft Windows NT 10.0.19044.0,AMD64,AMD64 Family 21 Model 112 Stepping 0, AuthenticAMD,2
Task9,12734,1,0,-321Microsoft Windows NT 10.0.19044.0,AMD64,AMD64 Family 21 Model 112 Stepping 0, AuthenticAMD,2
Task9,12734,2,33,-321Microsoft Windows NT 10.0.19044.0,AMD64,AMD64 Family 21 Model 112 Stepping 0, AuthenticAMD,2
Task9,1000000,1,48,-989Microsoft Windows NT 10.0.19044.0,AMD64,AMD64 Family 21 Model 112 Stepping 0, AuthenticAMD,2
Task9,1000000,2,37,-989Microsoft Windows NT 10.0.19044.0,AMD64,AMD64 Family 21 Model 112 Stepping 0, AuthenticAMD,2
Task1,1000000,1,6,41574Microsoft Windows NT 10.0.19044.0,AMD64,AMD64 Family 21 Model 112 Stepping 0, AuthenticAMD,2
Task1,1000000,2,36,41574Microsoft Windows NT 10.0.19044.0,AMD64,AMD64 Family 21 Model 112 Stepping 0, AuthenticAMD,2
Task3,1000000,1,18,41211Microsoft Windows NT 10.0.19044.0,AMD64,AMD64 Family 21 Model 112 Stepping 0, AuthenticAMD,2
Task3,1000000,1,25,41211Microsoft Windows NT 10.0.19044.0,AMD64,AMD64 Family 21 Model 112 Stepping 0, AuthenticAMD,2
Task3,1000000,2,59,41211Microsoft Windows NT 10.0.19044.0,AMD64,AMD64 Family 21 Model 112 Stepping 0, AuthenticAMD,2
Task1,1000000,1,12,41761Microsoft Windows NT 10.0.19044.0,AMD64,AMD64 Family 21 Model 112 Stepping 0, AuthenticAMD,2
Task1,1000000,2,105,41761Microsoft Windows NT 10.0.19044.0,AMD64,AMD64 Family 21 Model 112 Stepping 0, AuthenticAMD,2
Task3,1000000,1,51,41779Microsoft Windows NT 10.0.19044.0,AMD64,AMD64 Family 21 Model 112 Stepping 0, AuthenticAMD,2
Task3,1000000,1,62,41779Microsoft Windows NT 10.0.19044.0,AMD64,AMD64 Family 21 Model 112 Stepping 0, AuthenticAMD,2
Task3,1000000,2,32,41779Microsoft Windows NT 10.0.19044.0,AMD64,AMD64 Family 21 Model 112 Stepping 0, AuthenticAMD,2
Task4,1000000,1,24,0Microsoft Windows NT 10.0.19044.0,AMD64,AMD64 Family 21 Model 112 Stepping 0, AuthenticAMD,2
Task4,1000000,2,30,0Microsoft Windows NT 10.0.19044.0,AMD64,AMD64 Family 21 Model 112 Stepping 0, AuthenticAMD,2
Task5,1000000,1,10,24Microsoft Windows NT 10.0.19044.0,AMD64,AMD64 Family 21 Model 112 Stepping 0, AuthenticAMD,2
Task5,1000000,2,26,24Microsoft Windows NT 10.0.19044.0,AMD64,AMD64 Family 21 Model 112 Stepping 0, AuthenticAMD,2
Task6,1000000,1,8,1Microsoft Windows NT 10.0.19044.0,AMD64,AMD64 Family 21 Model 112 Stepping 0, AuthenticAMD,2
Task6,1000000,2,27,1Microsoft Windows NT 10.0.19044.0,AMD64,AMD64 Family 21 Model 112 Stepping 0, AuthenticAMD,2
Task7,1000000,1,68,415589Microsoft Windows NT 10.0.19044.0,AMD64,AMD64 Family 21 Model 112 Stepping 0, AuthenticAMD,2
Task7,1000000,2,136,415589Microsoft Windows NT 10.0.19044.0,AMD64,AMD64 Family 21 Model 112 Stepping 0, AuthenticAMD,2
Task8,1000000,1,116,166126Microsoft Windows NT 10.0.19044.0,AMD64,AMD64 Family 21 Model 112 Stepping 0, AuthenticAMD,2
Task8,1000000,2,66,166126Microsoft Windows NT 10.0.19044.0,AMD64,AMD64 Family 21 Model 112 Stepping 0, AuthenticAMD,2
Task9,1000000,1,24,3580Microsoft Windows NT 10.0.19044.0,AMD64,AMD64 Family 21 Model 112 Stepping 0, AuthenticAMD,2
Task9,1000000,2,31,3580Microsoft Windows NT 10.0.19044.0,AMD64,AMD64 Family 21 Model 112 Stepping 0, AuthenticAMD,2
Task10,1000000,1,35,6511032Microsoft Windows NT 10.0.19044.0,AMD64,AMD64 Family 21 Model 112 Stepping 0, AuthenticAMD,2
Task10,1000000,2,39,6511032Microsoft Windows NT 10.0.19044.0,AMD64,AMD64 Family 21 Model 112 Stepping 0, AuthenticAMD,2
Task1,100000,1,0,0Microsoft Windows NT 10.0.19044.0,AMD64,AMD64 Family 21 Model 112 Stepping 0, AuthenticAMD,2
Task1,100000,2,43,0Microsoft Windows NT 10.0.19044.0,AMD64,AMD64 Family 21 Model 112 Stepping 0, AuthenticAMD,2
Task3,100000,1,2,0Microsoft Windows NT 10.0.19044.0,AMD64,AMD64 Family 21 Model 112 Stepping 0, AuthenticAMD,2
Task3,100000,1,3,0Microsoft Windows NT 10.0.19044.0,AMD64,AMD64 Family 21 Model 112 Stepping 0, AuthenticAMD,2
Task3,100000,2,19,0Microsoft Windows NT 10.0.19044.0,AMD64,AMD64 Family 21 Model 112 Stepping 0, AuthenticAMD,2
Task4,100000,1,4,0Microsoft Windows NT 10.0.19044.0,AMD64,AMD64 Family 21 Model 112 Stepping 0, AuthenticAMD,2
Task4,100000,2,29,0Microsoft Windows NT 10.0.19044.0,AMD64,AMD64 Family 21 Model 112 Stepping 0, AuthenticAMD,2
Task5,100000,1,3,2147472666Microsoft Windows NT 10.0.19044.0,AMD64,AMD64 Family 21 Model 112 Stepping 0, AuthenticAMD,2
Task5,100000,2,27,2147472666Microsoft Windows NT 10.0.19044.0,AMD64,AMD64 Family 21 Model 112 Stepping 0, AuthenticAMD,2
Task3,100000,1,2,0Microsoft Windows NT 10.0.19044.0,AMD64,AMD64 Family 21 Model 112 Stepping 0, AuthenticAMD,2
Task3,100000,1,3,0Microsoft Windows NT 10.0.19044.0,AMD64,AMD64 Family 21 Model 112 Stepping 0, AuthenticAMD,2
Task3,100000,2,24,0Microsoft Windows NT 10.0.19044.0,AMD64,AMD64 Family 21 Model 112 Stepping 0, AuthenticAMD,2
Task6,100000,1,1,9692Microsoft Windows NT 10.0.19044.0,AMD64,AMD64 Family 21 Model 112 Stepping 0, AuthenticAMD,2
Task6,100000,2,22,9692Microsoft Windows NT 10.0.19044.0,AMD64,AMD64 Family 21 Model 112 Stepping 0, AuthenticAMD,2
Task7,100,1,2413,1Microsoft Windows NT 10.0.19044.0,AMD64,AMD64 Family 21 Model 112 Stepping 0, AuthenticAMD,2
Task7,100,2,2438,1Microsoft Windows NT 10.0.19044.0,AMD64,AMD64 Family 21 Model 112 Stepping 0, AuthenticAMD,2
Task8,100000,1,7,2Microsoft Windows NT 10.0.19044.0,AMD64,AMD64 Family 21 Model 112 Stepping 0, AuthenticAMD,2
Task8,100000,2,27,2Microsoft Windows NT 10.0.19044.0,AMD64,AMD64 Family 21 Model 112 Stepping 0, AuthenticAMD,2
Task9,100000,1,2,-1351276334Microsoft Windows NT 10.0.19044.0,AMD64,AMD64 Family 21 Model 112 Stepping 0, AuthenticAMD,2
Task9,100000,2,52,-1351276334Microsoft Windows NT 10.0.19044.0,AMD64,AMD64 Family 21 Model 112 Stepping 0, AuthenticAMD,2
Task10,100000,1,1,1712198912Microsoft Windows NT 10.0.19044.0,AMD64,AMD64 Family 21 Model 112 Stepping 0, AuthenticAMD,2
Task10,100000,2,27,1712198912Microsoft Windows NT 10.0.19044.0,AMD64,AMD64 Family 21 Model 112 Stepping 0, AuthenticAMD,2
Task3,100000,1,1,0Microsoft Windows NT 10.0.19044.0,AMD64,AMD64 Family 21 Model 112 Stepping 0, AuthenticAMD,2
Task3,100000,1,1,0Microsoft Windows NT 10.0.19044.0,AMD64,AMD64 Family 21 Model 112 Stepping 0, AuthenticAMD,2
Task3,100000,2,28,0Microsoft Windows NT 10.0.19044.0,AMD64,AMD64 Family 21 Model 112 Stepping 0, AuthenticAMD,2
Task1,100000,1,0,0Microsoft Windows NT 10.0.19044.0,AMD64,AMD64 Family 21 Model 112 Stepping 0, AuthenticAMD,2
Task1,100000,2,70,0Microsoft Windows NT 10.0.19044.0,AMD64,AMD64 Family 21 Model 112 Stepping 0, AuthenticAMD,2
Task3,100000,1,2,0Microsoft Windows NT 10.0.19044.0,AMD64,AMD64 Family 21 Model 112 Stepping 0, AuthenticAMD,2
Task3,100000,1,2,0Microsoft Windows NT 10.0.19044.0,AMD64,AMD64 Family 21 Model 112 Stepping 0, AuthenticAMD,2
Task3,100000,2,24,0Microsoft Windows NT 10.0.19044.0,AMD64,AMD64 Family 21 Model 112 Stepping 0, AuthenticAMD,2
Task4,100000,1,7,0Microsoft Windows NT 10.0.19044.0,AMD64,AMD64 Family 21 Model 112 Stepping 0, AuthenticAMD,2
Task4,100000,2,29,0Microsoft Windows NT 10.0.19044.0,AMD64,AMD64 Family 21 Model 112 Stepping 0, AuthenticAMD,2
Task5,100000,1,1,2147442525Microsoft Windows NT 10.0.19044.0,AMD64,AMD64 Family 21 Model 112 Stepping 0, AuthenticAMD,2
Task5,100000,2,24,2147442525Microsoft Windows NT 10.0.19044.0,AMD64,AMD64 Family 21 Model 112 Stepping 0, AuthenticAMD,2
Task6,100000,1,1,1174Microsoft Windows NT 10.0.19044.0,AMD64,AMD64 Family 21 Model 112 Stepping 0, AuthenticAMD,2
Task6,100000,2,26,1174Microsoft Windows NT 10.0.19044.0,AMD64,AMD64 Family 21 Model 112 Stepping 0, AuthenticAMD,2
Task7,100,1,31715,3Microsoft Windows NT 10.0.19044.0,AMD64,AMD64 Family 21 Model 112 Stepping 0, AuthenticAMD,2
Task7,100,2,22984,3Microsoft Windows NT 10.0.19044.0,AMD64,AMD64 Family 21 Model 112 Stepping 0, AuthenticAMD,2
Task8,100000,1,9,2Microsoft Windows NT 10.0.19044.0,AMD64,AMD64 Family 21 Model 112 Stepping 0, AuthenticAMD,2
Task8,100000,2,26,2Microsoft Windows NT 10.0.19044.0,AMD64,AMD64 Family 21 Model 112 Stepping 0, AuthenticAMD,2
Task9,100000,1,2,1178715888Microsoft Windows NT 10.0.19044.0,AMD64,AMD64 Family 21 Model 112 Stepping 0, AuthenticAMD,2
Task9,100000,2,26,1178715888Microsoft Windows NT 10.0.19044.0,AMD64,AMD64 Family 21 Model 112 Stepping 0, AuthenticAMD,2
Task10,100000,1,1,1424018194Microsoft Windows NT 10.0.19044.0,AMD64,AMD64 Family 21 Model 112 Stepping 0, AuthenticAMD,2
Task10,100000,1,41,1116126686Microsoft Windows NT 10.0.19044.0,AMD64,AMD64 Family 21 Model 112 Stepping 0, AuthenticAMD,2
Task10,100000,2,26,1116126686Microsoft Windows NT 10.0.19044.0,AMD64,AMD64 Family 21 Model 112 Stepping 0, AuthenticAMD,2
Task1,10000,1,0,0Microsoft Windows NT 10.0.19044.0,AMD64,AMD64 Family 21 Model 112 Stepping 0, AuthenticAMD,2
Task1,10000,2,27,0Microsoft Windows NT 10.0.19044.0,AMD64,AMD64 Family 21 Model 112 Stepping 0, AuthenticAMD,2
Task3,10000,1,3,0Microsoft Windows NT 10.0.19044.0,AMD64,AMD64 Family 21 Model 112 Stepping 0, AuthenticAMD,2
Task3,10000,1,3,0Microsoft Windows NT 10.0.19044.0,AMD64,AMD64 Family 21 Model 112 Stepping 0, AuthenticAMD,2
Task3,10000,2,53,0Microsoft Windows NT 10.0.19044.0,AMD64,AMD64 Family 21 Model 112 Stepping 0, AuthenticAMD,2
Task4,10000,1,4,0Microsoft Windows NT 10.0.19044.0,AMD64,AMD64 Family 21 Model 112 Stepping 0, AuthenticAMD,2
Task4,10000,2,32,0Microsoft Windows NT 10.0.19044.0,AMD64,AMD64 Family 21 Model 112 Stepping 0, AuthenticAMD,2
Task5,10000,1,0,2147437985Microsoft Windows NT 10.0.19044.0,AMD64,AMD64 Family 21 Model 112 Stepping 0, AuthenticAMD,2
Task5,10000,2,25,2147437985Microsoft Windows NT 10.0.19044.0,AMD64,AMD64 Family 21 Model 112 Stepping 0, AuthenticAMD,2
Task6,10000,1,0,249964Microsoft Windows NT 10.0.19044.0,AMD64,AMD64 Family 21 Model 112 Stepping 0, AuthenticAMD,2
Task6,10000,2,26,249964Microsoft Windows NT 10.0.19044.0,AMD64,AMD64 Family 21 Model 112 Stepping 0, AuthenticAMD,2
Task7,100,1,24033,5Microsoft Windows NT 10.0.19044.0,AMD64,AMD64 Family 21 Model 112 Stepping 0, AuthenticAMD,2
Task7,100,2,16579,5Microsoft Windows NT 10.0.19044.0,AMD64,AMD64 Family 21 Model 112 Stepping 0, AuthenticAMD,2
Task8,10000,1,1,2Microsoft Windows NT 10.0.19044.0,AMD64,AMD64 Family 21 Model 112 Stepping 0, AuthenticAMD,2
Task8,10000,2,23,2Microsoft Windows NT 10.0.19044.0,AMD64,AMD64 Family 21 Model 112 Stepping 0, AuthenticAMD,2
Task9,10000,1,3,-1169544502Microsoft Windows NT 10.0.19044.0,AMD64,AMD64 Family 21 Model 112 Stepping 0, AuthenticAMD,2
Task9,10000,2,55,-1169544502Microsoft Windows NT 10.0.19044.0,AMD64,AMD64 Family 21 Model 112 Stepping 0, AuthenticAMD,2
Task10,10000,1,0,702768302Microsoft Windows NT 10.0.19044.0,AMD64,AMD64 Family 21 Model 112 Stepping 0, AuthenticAMD,2
Task10,10000,2,25,702768302Microsoft Windows NT 10.0.19044.0,AMD64,AMD64 Family 21 Model 112 Stepping 0, AuthenticAMD,2
Task1,10000,1,0,0Microsoft Windows NT 10.0.19044.0,AMD64,AMD64 Family 21 Model 112 Stepping 0, AuthenticAMD,2
Task1,10000,2,26,0Microsoft Windows NT 10.0.19044.0,AMD64,AMD64 Family 21 Model 112 Stepping 0, AuthenticAMD,2
Task3,10000,1,4,0Microsoft Windows NT 10.0.19044.0,AMD64,AMD64 Family 21 Model 112 Stepping 0, AuthenticAMD,2
Task3,10000,1,4,0Microsoft Windows NT 10.0.19044.0,AMD64,AMD64 Family 21 Model 112 Stepping 0, AuthenticAMD,2
Task3,10000,2,42,0Microsoft Windows NT 10.0.19044.0,AMD64,AMD64 Family 21 Model 112 Stepping 0, AuthenticAMD,2
Task4,10000,1,0,0Microsoft Windows NT 10.0.19044.0,AMD64,AMD64 Family 21 Model 112 Stepping 0, AuthenticAMD,2
Task4,10000,2,26,0Microsoft Windows NT 10.0.19044.0,AMD64,AMD64 Family 21 Model 112 Stepping 0, AuthenticAMD,2
Task5,10000,1,1,2147428061Microsoft Windows NT 10.0.19044.0,AMD64,AMD64 Family 21 Model 112 Stepping 0, AuthenticAMD,2
Task5,10000,2,36,2147428061Microsoft Windows NT 10.0.19044.0,AMD64,AMD64 Family 21 Model 112 Stepping 0, AuthenticAMD,2
Task6,10000,1,0,62654Microsoft Windows NT 10.0.19044.0,AMD64,AMD64 Family 21 Model 112 Stepping 0, AuthenticAMD,2
Task6,10000,2,25,62654Microsoft Windows NT 10.0.19044.0,AMD64,AMD64 Family 21 Model 112 Stepping 0, AuthenticAMD,2
Task1,100000,1,0,0Microsoft Windows NT 10.0.19044.0,AMD64,AMD64 Family 21 Model 112 Stepping 0, AuthenticAMD,2
Task1,100000,5,103,0Microsoft Windows NT 10.0.19044.0,AMD64,AMD64 Family 21 Model 112 Stepping 0, AuthenticAMD,2
Task1,1000000,1,5,0Microsoft Windows NT 10.0.19044.0,AMD64,AMD64 Family 21 Model 112 Stepping 0, AuthenticAMD,2
Task1,1000000,5,68,0Microsoft Windows NT 10.0.19044.0,AMD64,AMD64 Family 21 Model 112 Stepping 0, AuthenticAMD,2
Task1,1000000,1,6,0Microsoft Windows NT 10.0.19044.0,AMD64,AMD64 Family 21 Model 112 Stepping 0, AuthenticAMD,2
Task1,1000000,50,765,0Microsoft Windows NT 10.0.19044.0,AMD64,AMD64 Family 21 Model 112 Stepping 0, AuthenticAMD,2
Task1,1000000,1,5,0Microsoft Windows NT 10.0.19044.0,AMD64,AMD64 Family 21 Model 112 Stepping 0, AuthenticAMD,2
Task1,1000000,2,30,0Microsoft Windows NT 10.0.19044.0,AMD64,AMD64 Family 21 Model 112 Stepping 0, AuthenticAMD,2
Task2,1000000,1,50,0Microsoft Windows NT 10.0.19044.0,AMD64,AMD64 Family 21 Model 112 Stepping 0, AuthenticAMD,2
Task2,1000000,4,69,0Microsoft Windows NT 10.0.19044.0,AMD64,AMD64 Family 21 Model 112 Stepping 0, AuthenticAMD,2
Task2,1000000,1,32,0Microsoft Windows NT 10.0.19044.0,AMD64,AMD64 Family 21 Model 112 Stepping 0, AuthenticAMD,2
Task2,1000000,2,41,0Microsoft Windows NT 10.0.19044.0,AMD64,AMD64 Family 21 Model 112 Stepping 0, AuthenticAMD,2
Task7,100000,1,190237,6672Microsoft Windows NT 10.0.19044.0,AMD64,AMD64 Family 21 Model 112 Stepping 0, AuthenticAMD,2
Task7,100000,10,111096,6672Microsoft Windows NT 10.0.19044.0,AMD64,AMD64 Family 21 Model 112 Stepping 0, AuthenticAMD,2
Task1,100000,1,0,0Microsoft Windows NT 10.0.19044.0,AMD64,AMD64 Family 21 Model 112 Stepping 0, AuthenticAMD,2
Task1,100000,4,59,0Microsoft Windows NT 10.0.19044.0,AMD64,AMD64 Family 21 Model 112 Stepping 0, AuthenticAMD,2
Task1,1000000,1,7,0Microsoft Windows NT 10.0.19044.0,AMD64,AMD64 Family 21 Model 112 Stepping 0, AuthenticAMD,2
Task1,1000000,4,68,0Microsoft Windows NT 10.0.19044.0,AMD64,AMD64 Family 21 Model 112 Stepping 0, AuthenticAMD,2
Task1,100000,1,0,0Microsoft Windows NT 10.0.19044.0,AMD64,AMD64 Family 21 Model 112 Stepping 0, AuthenticAMD,2
Task1,100000,100,1234,0Microsoft Windows NT 10.0.19044.0,AMD64,AMD64 Family 21 Model 112 Stepping 0, AuthenticAMD,2
Task1,1000000,1,5,0Microsoft Windows NT 10.0.19044.0,AMD64,AMD64 Family 21 Model 112 Stepping 0, AuthenticAMD,2
Task1,1000000,4,44,0Microsoft Windows NT 10.0.19044.0,AMD64,AMD64 Family 21 Model 112 Stepping 0, AuthenticAMD,2
Task1,1000000,1,5,0Microsoft Windows NT 10.0.19044.0,AMD64,AMD64 Family 21 Model 112 Stepping 0, AuthenticAMD,2
Task1,1000000,100,1323,0Microsoft Windows NT 10.0.19044.0,AMD64,AMD64 Family 21 Model 112 Stepping 0, AuthenticAMD,2
Task1,100000,1,0,0Microsoft Windows NT 10.0.19044.0,AMD64,AMD64 Family 21 Model 112 Stepping 0, AuthenticAMD,2
Task1,100000,4,58,0Microsoft Windows NT 10.0.19044.0,AMD64,AMD64 Family 21 Model 112 Stepping 0, AuthenticAMD,2
Task1,100000,1,0,0Microsoft Windows NT 10.0.19044.0,AMD64,AMD64 Family 21 Model 112 Stepping 0, AuthenticAMD,2
Task1,100000,100,1189,0Microsoft Windows NT 10.0.19044.0,AMD64,AMD64 Family 21 Model 112 Stepping 0, AuthenticAMD,2
Task1,1000000,1,6,0Microsoft Windows NT 10.0.19044.0,AMD64,AMD64 Family 21 Model 112 Stepping 0, AuthenticAMD,2
Task1,1000000,100,1564,0Microsoft Windows NT 10.0.19044.0,AMD64,AMD64 Family 21 Model 112 Stepping 0, AuthenticAMD,2
Task1,1000000,1,6,0Microsoft Windows NT 10.0.19044.0,AMD64,AMD64 Family 21 Model 112 Stepping 0, AuthenticAMD,2
Task1,1000000,4,79,0Microsoft Windows NT 10.0.19044.0,AMD64,AMD64 Family 21 Model 112 Stepping 0, AuthenticAMD,2
Task4,100000,1,4,0Microsoft Windows NT 10.0.19044.0,AMD64,AMD64 Family 21 Model 112 Stepping 0, AuthenticAMD,2
Task4,100000,2,18,0Microsoft Windows NT 10.0.19044.0,AMD64,AMD64 Family 21 Model 112 Stepping 0, AuthenticAMD,2
Task4,100000,1,4,0Microsoft Windows NT 10.0.19044.0,AMD64,AMD64 Family 21 Model 112 Stepping 0, AuthenticAMD,2
Task4,100000,4,36,0Microsoft Windows NT 10.0.19044.0,AMD64,AMD64 Family 21 Model 112 Stepping 0, AuthenticAMD,2
Task4,100000,1,4,0Microsoft Windows NT 10.0.19044.0,AMD64,AMD64 Family 21 Model 112 Stepping 0, AuthenticAMD,2
Task4,100000,2,22,0Microsoft Windows NT 10.0.19044.0,AMD64,AMD64 Family 21 Model 112 Stepping 0, AuthenticAMD,2
Task4,100000,1,6,0Microsoft Windows NT 10.0.19044.0,AMD64,AMD64 Family 21 Model 112 Stepping 0, AuthenticAMD,2
Task4,100000,4,45,0Microsoft Windows NT 10.0.19044.0,AMD64,AMD64 Family 21 Model 112 Stepping 0, AuthenticAMD,2
Task4,101,1,5,0Microsoft Windows NT 10.0.19044.0,AMD64,AMD64 Family 21 Model 112 Stepping 0, AuthenticAMD,2
Task4,101,4,47,0Microsoft Windows NT 10.0.19044.0,AMD64,AMD64 Family 21 Model 112 Stepping 0, AuthenticAMD,2
Task1,100000,1,0,0Microsoft Windows NT 10.0.19044.0,AMD64,AMD64 Family 21 Model 112 Stepping 0, AuthenticAMD,2
Task1,100000,4,129,0Microsoft Windows NT 10.0.19044.0,AMD64,AMD64 Family 21 Model 112 Stepping 0, AuthenticAMD,2
Task1,890546,1,5,0Microsoft Windows NT 10.0.19044.0,AMD64,AMD64 Family 21 Model 112 Stepping 0, AuthenticAMD,2
Task1,890546,4,61,0Microsoft Windows NT 10.0.19044.0,AMD64,AMD64 Family 21 Model 112 Stepping 0, AuthenticAMD,2
Task2,536788,1,20,0Microsoft Windows NT 10.0.19044.0,AMD64,AMD64 Family 21 Model 112 Stepping 0, AuthenticAMD,2
Task2,536788,4,50,0Microsoft Windows NT 10.0.19044.0,AMD64,AMD64 Family 21 Model 112 Stepping 0, AuthenticAMD,2
Task3,437578,1,12,0Microsoft Windows NT 10.0.19044.0,AMD64,AMD64 Family 21 Model 112 Stepping 0, AuthenticAMD,2
Task3,437578,1,15,0Microsoft Windows NT 10.0.19044.0,AMD64,AMD64 Family 21 Model 112 Stepping 0, AuthenticAMD,2
Task3,437578,4,74,0Microsoft Windows NT 10.0.19044.0,AMD64,AMD64 Family 21 Model 112 Stepping 0, AuthenticAMD,2
Task4,238578,1,4,0Microsoft Windows NT 10.0.19044.0,AMD64,AMD64 Family 21 Model 112 Stepping 0, AuthenticAMD,2
Task4,238578,4,98,0Microsoft Windows NT 10.0.19044.0,AMD64,AMD64 Family 21 Model 112 Stepping 0, AuthenticAMD,2
Task4,1000000,1,13,0Microsoft Windows NT 10.0.19044.0,AMD64,AMD64 Family 21 Model 112 Stepping 0, AuthenticAMD,2
Task4,1000000,4,44,0Microsoft Windows NT 10.0.19044.0,AMD64,AMD64 Family 21 Model 112 Stepping 0, AuthenticAMD,2
Task5,354789,1,107,9999950Microsoft Windows NT 10.0.19044.0,AMD64,AMD64 Family 21 Model 112 Stepping 0, AuthenticAMD,2
Task5,354789,4,53,9999950Microsoft Windows NT 10.0.19044.0,AMD64,AMD64 Family 21 Model 112 Stepping 0, AuthenticAMD,2
Task6,423768,1,186,109Microsoft Windows NT 10.0.19044.0,AMD64,AMD64 Family 21 Model 112 Stepping 0, AuthenticAMD,2
Task6,423768,4,40,109Microsoft Windows NT 10.0.19044.0,AMD64,AMD64 Family 21 Model 112 Stepping 0, AuthenticAMD,2
Task7,100000,1,191519,6641Microsoft Windows NT 10.0.19044.0,AMD64,AMD64 Family 21 Model 112 Stepping 0, AuthenticAMD,2
Task7,100000,4,108854,6641Microsoft Windows NT 10.0.19044.0,AMD64,AMD64 Family 21 Model 112 Stepping 0, AuthenticAMD,2
Task8,468473,1,31,168Microsoft Windows NT 10.0.19044.0,AMD64,AMD64 Family 21 Model 112 Stepping 0, AuthenticAMD,2
Task8,468473,4,59,168Microsoft Windows NT 10.0.19044.0,AMD64,AMD64 Family 21 Model 112 Stepping 0, AuthenticAMD,2
Task9,398475,1,8,-435044335Microsoft Windows NT 10.0.19044.0,AMD64,AMD64 Family 21 Model 112 Stepping 0, AuthenticAMD,2
Task9,398475,4,38,-435044335Microsoft Windows NT 10.0.19044.0,AMD64,AMD64 Family 21 Model 112 Stepping 0, AuthenticAMD,2
Task10,329048,1,4,1736778904Microsoft Windows NT 10.0.19044.0,AMD64,AMD64 Family 21 Model 112 Stepping 0, AuthenticAMD,2
Task10,329048,4,61,1736778904Microsoft Windows NT 10.0.19044.0,AMD64,AMD64 Family 21 Model 112 Stepping 0, AuthenticAMD,2
Task1,100000,1,0,0Microsoft Windows NT 10.0.19044.0,AMD64,AMD64 Family 21 Model 112 Stepping 0, AuthenticAMD,2
Task1,100000,2,43,0Microsoft Windows NT 10.0.19044.0,AMD64,AMD64 Family 21 Model 112 Stepping 0, AuthenticAMD,2
Task1,1000000,1,13,0Microsoft Windows NT 10.0.19044.0,AMD64,AMD64 Family 21 Model 112 Stepping 0, AuthenticAMD,2
Task1,1000000,50,1635,0Microsoft Windows NT 10.0.19044.0,AMD64,AMD64 Family 21 Model 112 Stepping 0, AuthenticAMD,2
Task1,100000,1,0,0Microsoft Windows NT 10.0.19044.0,AMD64,AMD64 Family 21 Model 112 Stepping 0, AuthenticAMD,2
Task1,100000,50,1539,0Microsoft Windows NT 10.0.19044.0,AMD64,AMD64 Family 21 Model 112 Stepping 0, AuthenticAMD,2
Task1,100000,1,0,0Microsoft Windows NT 10.0.19044.0,AMD64,AMD64 Family 21 Model 112 Stepping 0, AuthenticAMD,2
Task1,100000,10,127,0Microsoft Windows NT 10.0.19044.0,AMD64,AMD64 Family 21 Model 112 Stepping 0, AuthenticAMD,2
Task1,1000000,1,6,1Microsoft Windows NT 10.0.19044.0,AMD64,AMD64 Family 21 Model 112 Stepping 0, AuthenticAMD,2
Task1,1000000,2,30,1Microsoft Windows NT 10.0.19044.0,AMD64,AMD64 Family 21 Model 112 Stepping 0, AuthenticAMD,2
Task1,1000000,1,5,0Microsoft Windows NT 10.0.19044.0,AMD64,AMD64 Family 21 Model 112 Stepping 0, AuthenticAMD,2
Task1,1000000,10,143,0Microsoft Windows NT 10.0.19044.0,AMD64,AMD64 Family 21 Model 112 Stepping 0, AuthenticAMD,2
Task2,100000,1,3,0Microsoft Windows NT 10.0.19044.0,AMD64,AMD64 Family 21 Model 112 Stepping 0, AuthenticAMD,2
Task2,100000,2,135,0Microsoft Windows NT 10.0.19044.0,AMD64,AMD64 Family 21 Model 112 Stepping 0, AuthenticAMD,2
Task2,100000,1,3,0Microsoft Windows NT 10.0.19044.0,AMD64,AMD64 Family 21 Model 112 Stepping 0, AuthenticAMD,2
Task2,100000,10,135,0Microsoft Windows NT 10.0.19044.0,AMD64,AMD64 Family 21 Model 112 Stepping 0, AuthenticAMD,2
Task2,100000,1,3,0Microsoft Windows NT 10.0.19044.0,AMD64,AMD64 Family 21 Model 112 Stepping 0, AuthenticAMD,2
Task2,100000,10,166,0Microsoft Windows NT 10.0.19044.0,AMD64,AMD64 Family 21 Model 112 Stepping 0, AuthenticAMD,2
Task2,1000000,1,37,0Microsoft Windows NT 10.0.19044.0,AMD64,AMD64 Family 21 Model 112 Stepping 0, AuthenticAMD,2
Task2,1000000,2,88,0Microsoft Windows NT 10.0.19044.0,AMD64,AMD64 Family 21 Model 112 Stepping 0, AuthenticAMD,2
Task2,1000000,1,35,0Microsoft Windows NT 10.0.19044.0,AMD64,AMD64 Family 21 Model 112 Stepping 0, AuthenticAMD,2
Task2,1000000,10,163,0Microsoft Windows NT 10.0.19044.0,AMD64,AMD64 Family 21 Model 112 Stepping 0, AuthenticAMD,2
Task3,100000,1,1,0Microsoft Windows NT 10.0.19044.0,AMD64,AMD64 Family 21 Model 112 Stepping 0, AuthenticAMD,2
Task3,100000,1,1,0Microsoft Windows NT 10.0.19044.0,AMD64,AMD64 Family 21 Model 112 Stepping 0, AuthenticAMD,2
Task3,100000,2,27,0Microsoft Windows NT 10.0.19044.0,AMD64,AMD64 Family 21 Model 112 Stepping 0, AuthenticAMD,2
Task3,100000,1,1,0Microsoft Windows NT 10.0.19044.0,AMD64,AMD64 Family 21 Model 112 Stepping 0, AuthenticAMD,2
Task3,100000,1,1,0Microsoft Windows NT 10.0.19044.0,AMD64,AMD64 Family 21 Model 112 Stepping 0, AuthenticAMD,2
Task3,100000,10,114,0Microsoft Windows NT 10.0.19044.0,AMD64,AMD64 Family 21 Model 112 Stepping 0, AuthenticAMD,2
Task3,1000000,1,17,0Microsoft Windows NT 10.0.19044.0,AMD64,AMD64 Family 21 Model 112 Stepping 0, AuthenticAMD,2
Task3,1000000,1,25,0Microsoft Windows NT 10.0.19044.0,AMD64,AMD64 Family 21 Model 112 Stepping 0, AuthenticAMD,2
Task3,1000000,2,33,0Microsoft Windows NT 10.0.19044.0,AMD64,AMD64 Family 21 Model 112 Stepping 0, AuthenticAMD,2
Task3,1000000,1,16,0Microsoft Windows NT 10.0.19044.0,AMD64,AMD64 Family 21 Model 112 Stepping 0, AuthenticAMD,2
Task3,1000000,1,23,0Microsoft Windows NT 10.0.19044.0,AMD64,AMD64 Family 21 Model 112 Stepping 0, AuthenticAMD,2
Task3,1000000,10,146,0Microsoft Windows NT 10.0.19044.0,AMD64,AMD64 Family 21 Model 112 Stepping 0, AuthenticAMD,2
Task4,100000,1,13,0Microsoft Windows NT 10.0.19044.0,AMD64,AMD64 Family 21 Model 112 Stepping 0, AuthenticAMD,2
Task4,100000,2,66,0Microsoft Windows NT 10.0.19044.0,AMD64,AMD64 Family 21 Model 112 Stepping 0, AuthenticAMD,2
Task4,100000,1,1,0Microsoft Windows NT 10.0.19044.0,AMD64,AMD64 Family 21 Model 112 Stepping 0, AuthenticAMD,2
Task4,100000,10,119,0Microsoft Windows NT 10.0.19044.0,AMD64,AMD64 Family 21 Model 112 Stepping 0, AuthenticAMD,2
Task4,1000000,1,22,0Microsoft Windows NT 10.0.19044.0,AMD64,AMD64 Family 21 Model 112 Stepping 0, AuthenticAMD,2
Task4,1000000,2,29,0Microsoft Windows NT 10.0.19044.0,AMD64,AMD64 Family 21 Model 112 Stepping 0, AuthenticAMD,2
Task4,1000000,1,15,0Microsoft Windows NT 10.0.19044.0,AMD64,AMD64 Family 21 Model 112 Stepping 0, AuthenticAMD,2
Task4,1000000,10,128,0Microsoft Windows NT 10.0.19044.0,AMD64,AMD64 Family 21 Model 112 Stepping 0, AuthenticAMD,2
Task5,100000,1,1,9999848Microsoft Windows NT 10.0.19044.0,AMD64,AMD64 Family 21 Model 112 Stepping 0, AuthenticAMD,2
Task5,100000,2,47,9999848Microsoft Windows NT 10.0.19044.0,AMD64,AMD64 Family 21 Model 112 Stepping 0, AuthenticAMD,2
Task5,100000,1,12,9999808Microsoft Windows NT 10.0.19044.0,AMD64,AMD64 Family 21 Model 112 Stepping 0, AuthenticAMD,2
Task5,100000,10,393,9999808Microsoft Windows NT 10.0.19044.0,AMD64,AMD64 Family 21 Model 112 Stepping 0, AuthenticAMD,2
Task5,1000000,1,39,9999969Microsoft Windows NT 10.0.19044.0,AMD64,AMD64 Family 21 Model 112 Stepping 0, AuthenticAMD,2
Task5,1000000,2,155,9999969Microsoft Windows NT 10.0.19044.0,AMD64,AMD64 Family 21 Model 112 Stepping 0, AuthenticAMD,2
Task5,1000000,1,16,9999952Microsoft Windows NT 10.0.19044.0,AMD64,AMD64 Family 21 Model 112 Stepping 0, AuthenticAMD,2
Task5,1000000,10,162,9999952Microsoft Windows NT 10.0.19044.0,AMD64,AMD64 Family 21 Model 112 Stepping 0, AuthenticAMD,2
Task6,100000,1,1,244Microsoft Windows NT 10.0.19044.0,AMD64,AMD64 Family 21 Model 112 Stepping 0, AuthenticAMD,2
Task6,100000,2,23,244Microsoft Windows NT 10.0.19044.0,AMD64,AMD64 Family 21 Model 112 Stepping 0, AuthenticAMD,2
Task6,100000,1,5,159Microsoft Windows NT 10.0.19044.0,AMD64,AMD64 Family 21 Model 112 Stepping 0, AuthenticAMD,2
Task6,100000,10,163,159Microsoft Windows NT 10.0.19044.0,AMD64,AMD64 Family 21 Model 112 Stepping 0, AuthenticAMD,2
Task6,1000000,1,13,117Microsoft Windows NT 10.0.19044.0,AMD64,AMD64 Family 21 Model 112 Stepping 0, AuthenticAMD,2
Task6,1000000,2,25,117Microsoft Windows NT 10.0.19044.0,AMD64,AMD64 Family 21 Model 112 Stepping 0, AuthenticAMD,2
Task6,1000000,1,11,101Microsoft Windows NT 10.0.19044.0,AMD64,AMD64 Family 21 Model 112 Stepping 0, AuthenticAMD,2
Task6,1000000,10,215,101Microsoft Windows NT 10.0.19044.0,AMD64,AMD64 Family 21 Model 112 Stepping 0, AuthenticAMD,2
Task7,100000,1,228932,6672Microsoft Windows NT 10.0.19044.0,AMD64,AMD64 Family 21 Model 112 Stepping 0, AuthenticAMD,2
Task7,100000,2,228908,6672Microsoft Windows NT 10.0.19044.0,AMD64,AMD64 Family 21 Model 112 Stepping 0, AuthenticAMD,2
Task7,100000,1,246593,6665Microsoft Windows NT 10.0.19044.0,AMD64,AMD64 Family 21 Model 112 Stepping 0, AuthenticAMD,2
Task7,100000,10,125433,6665Microsoft Windows NT 10.0.19044.0,AMD64,AMD64 Family 21 Model 112 Stepping 0, AuthenticAMD,2
Task7,1000000,1,2017067,66022Microsoft Windows NT 10.0.19044.0,AMD64,AMD64 Family 21 Model 112 Stepping 0, AuthenticAMD,2
Task7,1000000,2,1118933,66022Microsoft Windows NT 10.0.19044.0,AMD64,AMD64 Family 21 Model 112 Stepping 0, AuthenticAMD,2
Task7,1000000,1,1953841,66340Microsoft Windows NT 10.0.19044.0,AMD64,AMD64 Family 21 Model 112 Stepping 0, AuthenticAMD,2
Task7,1000000,10,1102713,66340Microsoft Windows NT 10.0.19044.0,AMD64,AMD64 Family 21 Model 112 Stepping 0, AuthenticAMD,2
Task8,100000,1,7,36Microsoft Windows NT 10.0.19044.0,AMD64,AMD64 Family 21 Model 112 Stepping 0, AuthenticAMD,2
Task8,100000,2,24,36Microsoft Windows NT 10.0.19044.0,AMD64,AMD64 Family 21 Model 112 Stepping 0, AuthenticAMD,2
Task8,100000,1,7,23Microsoft Windows NT 10.0.19044.0,AMD64,AMD64 Family 21 Model 112 Stepping 0, AuthenticAMD,2
Task8,100000,10,147,23Microsoft Windows NT 10.0.19044.0,AMD64,AMD64 Family 21 Model 112 Stepping 0, AuthenticAMD,2
Task8,1000000,1,65,292Microsoft Windows NT 10.0.19044.0,AMD64,AMD64 Family 21 Model 112 Stepping 0, AuthenticAMD,2
Task8,1000000,2,64,292Microsoft Windows NT 10.0.19044.0,AMD64,AMD64 Family 21 Model 112 Stepping 0, AuthenticAMD,2
Task8,1000000,1,66,315Microsoft Windows NT 10.0.19044.0,AMD64,AMD64 Family 21 Model 112 Stepping 0, AuthenticAMD,2
Task8,1000000,10,227,315Microsoft Windows NT 10.0.19044.0,AMD64,AMD64 Family 21 Model 112 Stepping 0, AuthenticAMD,2
Task9,100000,1,4,-759863299Microsoft Windows NT 10.0.19044.0,AMD64,AMD64 Family 21 Model 112 Stepping 0, AuthenticAMD,2
Task9,100000,2,19,-759863299Microsoft Windows NT 10.0.19044.0,AMD64,AMD64 Family 21 Model 112 Stepping 0, AuthenticAMD,2
Task9,100000,1,2,-883898458Microsoft Windows NT 10.0.19044.0,AMD64,AMD64 Family 21 Model 112 Stepping 0, AuthenticAMD,2
Task9,100000,10,91,-883898458Microsoft Windows NT 10.0.19044.0,AMD64,AMD64 Family 21 Model 112 Stepping 0, AuthenticAMD,2
Task9,1000000,1,22,1723015533Microsoft Windows NT 10.0.19044.0,AMD64,AMD64 Family 21 Model 112 Stepping 0, AuthenticAMD,2
Task9,1000000,2,22,1723015533Microsoft Windows NT 10.0.19044.0,AMD64,AMD64 Family 21 Model 112 Stepping 0, AuthenticAMD,2
Task9,1000000,1,18,-1858620857Microsoft Windows NT 10.0.19044.0,AMD64,AMD64 Family 21 Model 112 Stepping 0, AuthenticAMD,2
Task9,1000000,10,150,-1858620857Microsoft Windows NT 10.0.19044.0,AMD64,AMD64 Family 21 Model 112 Stepping 0, AuthenticAMD,2
Task10,100000,1,1,207308706Microsoft Windows NT 10.0.19044.0,AMD64,AMD64 Family 21 Model 112 Stepping 0, AuthenticAMD,2
Task10,100000,2,22,207308706Microsoft Windows NT 10.0.19044.0,AMD64,AMD64 Family 21 Model 112 Stepping 0, AuthenticAMD,2
Task10,100000,1,1,238607120Microsoft Windows NT 10.0.19044.0,AMD64,AMD64 Family 21 Model 112 Stepping 0, AuthenticAMD,2
Task10,100000,10,95,238607120Microsoft Windows NT 10.0.19044.0,AMD64,AMD64 Family 21 Model 112 Stepping 0, AuthenticAMD,2
Task10,1000000,1,15,-1716531324Microsoft Windows NT 10.0.19044.0,AMD64,AMD64 Family 21 Model 112 Stepping 0, AuthenticAMD,2
Task10,1000000,2,30,-1716531324Microsoft Windows NT 10.0.19044.0,AMD64,AMD64 Family 21 Model 112 Stepping 0, AuthenticAMD,2
Task10,1000000,1,14,394528374Microsoft Windows NT 10.0.19044.0,AMD64,AMD64 Family 21 Model 112 Stepping 0, AuthenticAMD,2
Task10,1000000,10,124,394528374Microsoft Windows NT 10.0.19044.0,AMD64,AMD64 Family 21 Model 112 Stepping 0, AuthenticAMD,2
Task1,100000,1,0,0Microsoft Windows NT 10.0.19044.0,AMD64,AMD64 Family 21 Model 112 Stepping 0, AuthenticAMD,2
Task1,100000,5,105,0Microsoft Windows NT 10.0.19044.0,AMD64,AMD64 Family 21 Model 112 Stepping 0, AuthenticAMD,2
Task1,100000,1,1,0Microsoft Windows NT 10.0.19044.0,AMD64,AMD64 Family 21 Model 112 Stepping 0, AuthenticAMD,2
Task1,100000,4,247,0Microsoft Windows NT 10.0.19044.0,AMD64,AMD64 Family 21 Model 112 Stepping 0, AuthenticAMD,2
